condition_id,feature,conditional_weight,global_weight,weight_ratio
bear_leader,ctx_rank_5m_release,0.462305,0.471696,0.9801
bear_leader,ctx_rank_5m_compression,0.070701,0.072518,0.9749
bear_leader,direction_confidence,0.069344,0.068074,1.0187
bear_leader,entry_score,0.056472,0.054505,1.0361
bear_leader,dna_2h_previous_volume_ratio,0.047812,0.047403,1.0086
bear_leader,a6_formula_score,0.030998,0.028499,1.0877
bear_leader,dna_15m_current_range_pct,0.027133,0.026383,1.0284
bear_leader,cluster_top_score,0.023713,0.022795,1.0403
bear_leader,meta_derived_atr_expansion,0.023064,0.022325,1.0331
bear_leader,dna_derived_breakout_flag,0.022603,0.021595,1.0467
bear_leader,dna_5m_release,0.021902,0.022263,0.9838
bear_leader,dna_derived_atr_expansion,0.020225,0.019573,1.0333
bear_leader,dna_1h_current_return_pct,0.017992,0.018603,0.9672
bear_leader,meta_derived_breakout_flag,0.017692,0.017064,1.0369
bear_leader,ctx_rank_1h_current_return_pct,0.01721,0.017481,0.9844
bear_leader,exec_obs_volume_surge,0.01487,0.014086,1.0556
bear_leader,ctx_rank_2h_current_return_pct,0.014477,0.013801,1.049
bear_leader,state_5m_Release,0.014099,0.013768,1.024
bear_leader,dna_15m_current_close_position,0.013702,0,13702054.7357
bear_leader,search_rank_pct_return,0.013685,0.013897,0.9847
breakout,ctx_rank_5m_release,0.414337,0.471696,0.8784
breakout,direction_confidence,0.070471,0.068074,1.0352
breakout,ctx_rank_5m_compression,0.069441,0.072518,0.9576
breakout,dna_2h_previous_volume_ratio,0.056801,0.047403,1.1983
breakout,entry_score,0.055075,0.054505,1.0105
breakout,dna_5m_release,0.035299,0.022263,1.5856
breakout,meta_derived_atr_expansion,0.034397,0.022325,1.5407
breakout,dna_derived_atr_expansion,0.03073,0.019573,1.57
breakout,dna_15m_current_range_pct,0.030462,0.026383,1.1546
breakout,dna_derived_breakout_flag,0.028967,0.021595,1.3414
breakout,meta_derived_breakout_flag,0.022605,0.017064,1.3247
breakout,a6_formula_score,0.020332,0.028499,0.7134
breakout,dna_derived_false_breakout,0.018645,0,18645388.9446
breakout,cluster_top_score,0.017809,0.022795,0.7813
breakout,exec_obs_volume_surge,0.017088,0.014086,1.2131
breakout,dna_30m_current_close_position,0.016186,0,16186475.7951
breakout,ctx_rank_1h_current_return_pct,0.015768,0.017481,0.902
breakout,dna_30m_previous_volume_ratio,0.015369,0,15368663.5524
breakout,dna_5m_body_position,0.01527,0,15270087.9696
breakout,dna_2h_previous_range_pct,0.014947,0,14946979.1148
bull_leader,ctx_rank_5m_release,0.484186,0.471696,1.0265
bull_leader,ctx_rank_5m_compression,0.078318,0.072518,1.08
bull_leader,direction_confidence,0.06826,0.068074,1.0027
bull_leader,entry_score,0.05371,0.054505,0.9854
bull_leader,dna_2h_previous_volume_ratio,0.048459,0.047403,1.0223
bull_leader,dna_15m_current_range_pct,0.026775,0.026383,1.0148
bull_leader,meta_derived_atr_expansion,0.024299,0.022325,1.0884
bull_leader,dna_5m_release,0.021765,0.022263,0.9776
bull_leader,dna_derived_atr_expansion,0.019043,0.019573,0.9729
bull_leader,a6_formula_score,0.018594,0.028499,0.6524
bull_leader,dna_derived_breakout_flag,0.018123,0.021595,0.8392
bull_leader,dna_5m_body_position,0.017339,0,17339177.3927
bull_leader,ctx_rank_1h_current_return_pct,0.016451,0.017481,0.9411
bull_leader,exec_obs_volume_surge,0.016415,0.014086,1.1653
bull_leader,cluster_top_score,0.015801,0.022795,0.6932
bull_leader,dna_30m_current_close_position,0.015183,0,15183360.2569
bull_leader,meta_derived_lower_wick,0.014629,0,14629448.4235
bull_leader,dna_2h_previous_range_pct,0.01445,0,14449957.8294
bull_leader,phase20_base_score,0.014118,0,14117996.7306
bull_leader,ctx_rank_1h_current_ma20_distance_pct,0.014081,0.01367,1.0301
compression,ctx_rank_5m_release,0.467517,0.471696,0.9911
compression,ctx_rank_5m_compression,0.069989,0.072518,0.9651
compression,direction_confidence,0.068563,0.068074,1.0072
compression,entry_score,0.057069,0.054505,1.047
compression,dna_2h_previous_volume_ratio,0.049069,0.047403,1.0351
compression,a6_formula_score,0.030198,0.028499,1.0596
compression,dna_15m_current_range_pct,0.026743,0.026383,1.0136
compression,cluster_top_score,0.023857,0.022795,1.0466
compression,meta_derived_atr_expansion,0.022512,0.022325,1.0083
compression,dna_derived_breakout_flag,0.021571,0.021595,0.9989
compression,dna_5m_release,0.020866,0.022263,0.9373
compression,dna_derived_atr_expansion,0.019476,0.019573,0.995
compression,dna_1h_current_return_pct,0.018906,0.018603,1.0163
compression,meta_derived_breakout_flag,0.017214,0.017064,1.0088
compression,ctx_rank_1h_current_return_pct,0.016522,0.017481,0.9451
compression,exec_obs_volume_surge,0.014653,0.014086,1.0402
compression,ctx_rank_2h_current_return_pct,0.014533,0.013801,1.053
compression,dna_30m_current_close_position,0.013668,0,13668337.5544
compression,state_5m_Release,0.013665,0.013768,0.9925
compression,ctx_rank_1h_current_ma20_distance_pct,0.013409,0.01367,0.9809
high_volatility,ctx_rank_5m_release,0.46527,0.471696,0.9864
high_volatility,ctx_rank_5m_compression,0.072765,0.072518,1.0034
high_volatility,direction_confidence,0.067932,0.068074,0.9979
high_volatility,entry_score,0.056671,0.054505,1.0397
high_volatility,dna_2h_previous_volume_ratio,0.047941,0.047403,1.0113
high_volatility,a6_formula_score,0.026931,0.028499,0.945
high_volatility,dna_15m_current_range_pct,0.025616,0.026383,0.9709
high_volatility,dna_5m_release,0.024456,0.022263,1.0985
high_volatility,meta_derived_atr_expansion,0.0234,0.022325,1.0481
high_volatility,cluster_top_score,0.022749,0.022795,0.998
high_volatility,dna_derived_breakout_flag,0.02239,0.021595,1.0369
high_volatility,dna_derived_atr_expansion,0.021147,0.019573,1.0804
high_volatility,meta_derived_breakout_flag,0.018071,0.017064,1.059
high_volatility,ctx_rank_1h_current_return_pct,0.017804,0.017481,1.0185
high_volatility,dna_1h_current_return_pct,0.017186,0.018603,0.9239
high_volatility,search_rank_pct_return,0.014564,0.013897,1.048
high_volatility,dna_2h_current_ma20_distance_pct,0.013974,0,13973799.1266
high_volatility,state_5m_Release,0.01393,0.013768,1.0118
high_volatility,dna_30m_previous_volume_ratio,0.013664,0,13663954.7736
high_volatility,ctx_rank_1h_current_ma20_distance_pct,0.013539,0.01367,0.9904
low_volatility,ctx_rank_5m_release,0.497164,0.471696,1.054
low_volatility,ctx_rank_5m_compression,0.071493,0.072518,0.9859
low_volatility,direction_confidence,0.067526,0.068074,0.9919
low_volatility,entry_score,0.051949,0.054505,0.9531
low_volatility,dna_2h_previous_volume_ratio,0.046535,0.047403,0.9817
low_volatility,a6_formula_score,0.028972,0.028499,1.0166
low_volatility,dna_15m_current_range_pct,0.024904,0.026383,0.9439
low_volatility,cluster_top_score,0.022595,0.022795,0.9912
low_volatility,meta_derived_atr_expansion,0.019648,0.022325,0.8801
low_volatility,dna_5m_release,0.018551,0.022263,0.8333
low_volatility,dna_derived_breakout_flag,0.018361,0.021595,0.8503
low_volatility,dna_1h_current_return_pct,0.0177,0.018603,0.9515
low_volatility,dna_derived_atr_expansion,0.016389,0.019573,0.8373
low_volatility,ctx_rank_1h_current_return_pct,0.015925,0.017481,0.911
low_volatility,meta_derived_breakout_flag,0.014937,0.017064,0.8754
low_volatility,ctx_rank_2h_current_return_pct,0.014345,0.013801,1.0394
low_volatility,exec_obs_volume_surge,0.013796,0.014086,0.9793
low_volatility,ctx_rank_1h_current_ma20_distance_pct,0.013118,0.01367,0.9596
low_volatility,state_5m_Release,0.013073,0.013768,0.9495
low_volatility,dna_2h_current_ma20_distance_pct,0.013018,0,13017540.5371
momentum,ctx_rank_5m_release,0.465039,0.471696,0.9859
momentum,ctx_rank_5m_compression,0.070711,0.072518,0.9751
momentum,direction_confidence,0.068692,0.068074,1.0091
momentum,entry_score,0.057672,0.054505,1.0581
momentum,dna_2h_previous_volume_ratio,0.049836,0.047403,1.0513
momentum,a6_formula_score,0.028049,0.028499,0.9842
momentum,dna_15m_current_range_pct,0.025597,0.026383,0.9702
momentum,dna_5m_release,0.023203,0.022263,1.0422
momentum,meta_derived_atr_expansion,0.02318,0.022325,1.0383
momentum,cluster_top_score,0.023077,0.022795,1.0124
momentum,dna_derived_breakout_flag,0.021819,0.021595,1.0104
momentum,dna_derived_atr_expansion,0.020496,0.019573,1.0471
momentum,dna_1h_current_return_pct,0.018368,0.018603,0.9874
momentum,meta_derived_breakout_flag,0.017776,0.017064,1.0417
momentum,ctx_rank_1h_current_return_pct,0.016884,0.017481,0.9658
momentum,ctx_rank_2h_current_return_pct,0.014429,0.013801,1.0455
momentum,search_rank_pct_return,0.01396,0.013897,1.0046
momentum,exec_obs_volume_surge,0.013794,0.014086,0.9792
momentum,ctx_rank_1h_current_ma20_distance_pct,0.013735,0.01367,1.0047
momentum,state_5m_Release,0.013687,0.013768,0.9941
range_expansion,ctx_rank_5m_release,0.468037,0.471696,0.9922
range_expansion,ctx_rank_5m_compression,0.070929,0.072518,0.9781
range_expansion,direction_confidence,0.069333,0.068074,1.0185
range_expansion,entry_score,0.056141,0.054505,1.03
range_expansion,dna_2h_previous_volume_ratio,0.048236,0.047403,1.0176
range_expansion,a6_formula_score,0.029953,0.028499,1.051
range_expansion,dna_15m_current_range_pct,0.026567,0.026383,1.007
range_expansion,meta_derived_atr_expansion,0.022815,0.022325,1.0219
range_expansion,cluster_top_score,0.022796,0.022795,1.0
range_expansion,dna_derived_breakout_flag,0.022158,0.021595,1.0261
range_expansion,dna_5m_release,0.021508,0.022263,0.9661
range_expansion,dna_derived_atr_expansion,0.020017,0.019573,1.0227
range_expansion,dna_1h_current_return_pct,0.01808,0.018603,0.9719
range_expansion,ctx_rank_1h_current_return_pct,0.017658,0.017481,1.0101
range_expansion,meta_derived_breakout_flag,0.017034,0.017064,0.9983
range_expansion,search_rank_pct_return,0.0143,0.013897,1.029
range_expansion,exec_obs_volume_surge,0.013727,0.014086,0.9745
range_expansion,ctx_rank_1h_current_ma20_distance_pct,0.013603,0.01367,0.9951
range_expansion,ctx_rank_2h_current_return_pct,0.01358,0.013801,0.984
range_expansion,state_5m_Release,0.013528,0.013768,0.9826
reversal,ctx_rank_5m_release,0.483418,0.471696,1.0248
reversal,ctx_rank_5m_compression,0.072044,0.072518,0.9935
reversal,direction_confidence,0.066963,0.068074,0.9837
reversal,entry_score,0.051612,0.054505,0.9469
reversal,dna_2h_previous_volume_ratio,0.048853,0.047403,1.0306
reversal,dna_15m_current_range_pct,0.025508,0.026383,0.9668
reversal,a6_formula_score,0.025033,0.028499,0.8784
reversal,cluster_top_score,0.022743,0.022795,0.9977
reversal,dna_5m_release,0.021989,0.022263,0.9877
reversal,meta_derived_atr_expansion,0.021895,0.022325,0.9807
reversal,dna_derived_breakout_flag,0.021743,0.021595,1.0069
reversal,dna_derived_atr_expansion,0.0195,0.019573,0.9963
reversal,meta_derived_breakout_flag,0.017754,0.017064,1.0405
reversal,ctx_rank_1h_current_return_pct,0.016654,0.017481,0.9527
reversal,dna_1h_current_return_pct,0.016059,0.018603,0.8632
reversal,exec_obs_volume_surge,0.014359,0.014086,1.0194
reversal,dna_2h_current_ma20_distance_pct,0.013828,0,13828446.3674
reversal,state_5m_Release,0.013686,0.013768,0.994
reversal,ctx_rank_2h_current_return_pct,0.013263,0.013801,0.961
reversal,search_rank_pct_return,0.013095,0.013897,0.9423
sideway,ctx_rank_5m_release,0.484626,0.471696,1.0274
sideway,ctx_rank_5m_compression,0.073891,0.072518,1.0189
sideway,direction_confidence,0.068509,0.068074,1.0064
sideway,entry_score,0.053689,0.054505,0.985
sideway,dna_2h_previous_volume_ratio,0.048363,0.047403,1.0202
sideway,dna_15m_current_range_pct,0.025438,0.026383,0.9642
sideway,a6_formula_score,0.025036,0.028499,0.8785
sideway,dna_5m_release,0.022434,0.022263,1.0077
sideway,cluster_top_score,0.022027,0.022795,0.9663
sideway,meta_derived_atr_expansion,0.021398,0.022325,0.9585
sideway,dna_derived_breakout_flag,0.019691,0.021595,0.9119
sideway,dna_derived_atr_expansion,0.018403,0.019573,0.9402
sideway,meta_derived_breakout_flag,0.016642,0.017064,0.9753
sideway,ctx_rank_1h_current_return_pct,0.016174,0.017481,0.9252
sideway,dna_1h_current_return_pct,0.014822,0.018603,0.7968
sideway,dna_2h_current_ma20_distance_pct,0.014605,0,14604810.9966
sideway,ctx_rank_2h_current_return_pct,0.013746,0.013801,0.996
sideway,dna_30m_previous_volume_ratio,0.013537,0,13537380.3519
sideway,state_5m_Release,0.013519,0.013768,0.9819
sideway,ctx_rank_1h_current_ma20_distance_pct,0.013451,0.01367,0.9839
strong_trend,ctx_rank_5m_release,0.484729,0.471696,1.0276
strong_trend,ctx_rank_5m_compression,0.0755,0.072518,1.0411
strong_trend,direction_confidence,0.068088,0.068074,1.0002
strong_trend,entry_score,0.0535,0.054505,0.9816
strong_trend,dna_2h_previous_volume_ratio,0.047881,0.047403,1.0101
strong_trend,a6_formula_score,0.026069,0.028499,0.9147
strong_trend,dna_15m_current_range_pct,0.024854,0.026383,0.942
strong_trend,cluster_top_score,0.022731,0.022795,0.9972
strong_trend,dna_5m_release,0.021492,0.022263,0.9654
strong_trend,meta_derived_atr_expansion,0.0205,0.022325,0.9182
strong_trend,dna_derived_breakout_flag,0.018532,0.021595,0.8582
strong_trend,dna_derived_atr_expansion,0.017768,0.019573,0.9078
strong_trend,dna_1h_current_return_pct,0.017545,0.018603,0.9431
strong_trend,ctx_rank_1h_current_return_pct,0.016416,0.017481,0.9391
strong_trend,meta_derived_breakout_flag,0.015389,0.017064,0.9019
strong_trend,dna_2h_current_ma20_distance_pct,0.014491,0,14490592.4371
strong_trend,ctx_rank_2h_current_return_pct,0.014054,0.013801,1.0183
strong_trend,exec_obs_volume_surge,0.013576,0.014086,0.9637
strong_trend,state_5m_Release,0.013458,0.013768,0.9775
strong_trend,dna_30m_previous_volume_ratio,0.01343,0,13430170.4776
volume_decline,ctx_rank_5m_release,0.491537,0.471696,1.0421
volume_decline,ctx_rank_5m_compression,0.074095,0.072518,1.0217
volume_decline,direction_confidence,0.066974,0.068074,0.9838
volume_decline,entry_score,0.052872,0.054505,0.97
volume_decline,dna_2h_previous_volume_ratio,0.045678,0.047403,0.9636
volume_decline,a6_formula_score,0.028375,0.028499,0.9957
volume_decline,cluster_top_score,0.024779,0.022795,1.0871
volume_decline,dna_15m_current_range_pct,0.02462,0.026383,0.9332
volume_decline,dna_1h_current_return_pct,0.019378,0.018603,1.0417
volume_decline,meta_derived_atr_expansion,0.019071,0.022325,0.8542
volume_decline,dna_5m_release,0.018374,0.022263,0.8253
volume_decline,dna_derived_breakout_flag,0.017713,0.021595,0.8203
volume_decline,ctx_rank_1h_current_return_pct,0.017143,0.017481,0.9806
volume_decline,dna_derived_atr_expansion,0.015543,0.019573,0.7941
volume_decline,meta_derived_breakout_flag,0.014725,0.017064,0.863
volume_decline,dna_2h_current_ma20_distance_pct,0.014692,0,14691713.4845
volume_decline,ctx_rank_2h_current_return_pct,0.014125,0.013801,1.0235
volume_decline,exec_obs_volume_surge,0.013973,0.014086,0.992
volume_decline,state_5m_Release,0.013309,0.013768,0.9667
volume_decline,ctx_rank_1h_current_ma20_distance_pct,0.013023,0.01367,0.9526
volume_surge,ctx_rank_5m_release,0.467352,0.471696,0.9908
volume_surge,ctx_rank_5m_compression,0.072085,0.072518,0.994
volume_surge,direction_confidence,0.069675,0.068074,1.0235
volume_surge,entry_score,0.055432,0.054505,1.017
volume_surge,dna_2h_previous_volume_ratio,0.049342,0.047403,1.0409
volume_surge,a6_formula_score,0.028655,0.028499,1.0055
volume_surge,dna_15m_current_range_pct,0.026845,0.026383,1.0175
volume_surge,meta_derived_atr_expansion,0.022902,0.022325,1.0258
volume_surge,dna_5m_release,0.022591,0.022263,1.0147
volume_surge,dna_derived_breakout_flag,0.022098,0.021595,1.0233
volume_surge,cluster_top_score,0.022008,0.022795,0.9655
volume_surge,dna_derived_atr_expansion,0.020513,0.019573,1.048
volume_surge,meta_derived_breakout_flag,0.017319,0.017064,1.015
volume_surge,ctx_rank_1h_current_return_pct,0.017296,0.017481,0.9894
volume_surge,dna_1h_current_return_pct,0.015933,0.018603,0.8565
volume_surge,search_rank_pct_return,0.014288,0.013897,1.0282
volume_surge,ctx_rank_2h_current_return_pct,0.01405,0.013801,1.018
volume_surge,ctx_rank_1h_current_ma20_distance_pct,0.013954,0.01367,1.0208
volume_surge,exec_obs_volume_surge,0.013894,0.014086,0.9863
volume_surge,state_5m_Release,0.013767,0.013768,0.9999
weak_trend,ctx_rank_5m_release,0.473042,0.471696,1.0029
weak_trend,ctx_rank_5m_compression,0.070481,0.072518,0.9719
weak_trend,direction_confidence,0.06818,0.068074,1.0016
weak_trend,entry_score,0.05411,0.054505,0.9928
weak_trend,dna_2h_previous_volume_ratio,0.047929,0.047403,1.0111
weak_trend,a6_formula_score,0.028611,0.028499,1.004
weak_trend,dna_15m_current_range_pct,0.026333,0.026383,0.9981
weak_trend,cluster_top_score,0.022909,0.022795,1.005
weak_trend,meta_derived_atr_expansion,0.022621,0.022325,1.0132
weak_trend,dna_derived_breakout_flag,0.022321,0.021595,1.0336
weak_trend,dna_5m_release,0.021544,0.022263,0.9677
weak_trend,dna_derived_atr_expansion,0.019737,0.019573,1.0084
weak_trend,ctx_rank_1h_current_return_pct,0.018019,0.017481,1.0307
weak_trend,meta_derived_breakout_flag,0.017717,0.017064,1.0383
weak_trend,dna_1h_current_return_pct,0.017253,0.018603,0.9274
weak_trend,search_rank_pct_return,0.014166,0.013897,1.0194
weak_trend,exec_obs_volume_surge,0.013987,0.014086,0.9929
weak_trend,ctx_rank_2h_current_return_pct,0.013985,0.013801,1.0133
weak_trend,state_5m_Release,0.013669,0.013768,0.9928
weak_trend,ctx_rank_1h_current_ma20_distance_pct,0.013387,0.01367,0.9793
