feature,threshold,operator,pass_count,fail_count,winner_ratio_pass_pct,loser_ratio_pass_pct,winner_ratio_fail_pct,loser_ratio_fail_pct,precision,recall,f1,lift,odds_ratio,avg_return_2h_pass,avg_return_2h_fail,avg_return_4h_pass,avg_return_4h_fail,win_rate_pass_pct,expected_return_lift_2h,direction,use_in_filter,filter_direction
15m_current_compression,0.0,lte,488,409,27.87,17.83,10.51,89.49,0.2787,0.7598,0.4078,1.3966,13.3055,6.4189,3.5113,6.7391,3.7979,65.57,2.9077,long,True,long
1h_previous_range_pct,9.10054,gte,176,721,40.91,18.18,14.84,85.16,0.4091,0.4022,0.4056,2.05,12.9112,8.4804,4.2663,8.8183,4.5631,69.32,4.2141,long,True,long
5m_compression,0.0,lte,342,555,30.41,16.67,13.51,86.49,0.3041,0.581,0.3992,1.5239,11.6772,6.7086,4.0976,6.7131,4.5876,65.79,2.611,long,True,long
15m_previous_compression,0.0,lte,490,407,25.31,18.78,13.51,86.49,0.2531,0.6927,0.3707,1.2681,8.6261,6.0247,3.9716,6.4001,4.1915,63.88,2.0531,long,True,long
30m_previous_compression,0.0,lte,652,245,23.47,19.48,10.61,89.39,0.2347,0.8547,0.3682,1.1759,10.1475,5.584,3.7869,6.0264,3.7258,59.66,1.797,long,True,long
30m_current_compression,0.0,lte,657,240,23.14,19.79,11.25,88.75,0.2314,0.8492,0.3636,1.1594,9.2239,5.6512,3.5655,6.0518,3.6083,61.8,2.0856,long,True,long
15m_previous_range_pct,5.085072,gte,130,767,42.31,13.85,16.17,83.83,0.4231,0.3073,0.356,2.1201,15.8445,9.0128,4.4288,9.8239,4.6479,74.62,4.5841,long,True,long
2h_current_close_position,0.8,gte,509,388,23.97,14.73,14.69,85.31,0.2397,0.6816,0.3547,1.2011,9.4461,6.2981,3.5124,7.0086,3.2852,63.65,2.7857,long,True,long
2h_previous_ma20_distance_pct,21.61375,gte,144,753,39.58,17.36,16.2,83.8,0.3958,0.3184,0.3529,1.9836,11.7925,7.5889,4.6159,8.5771,4.7901,66.67,2.9731,long,True,long
1h_current_close_position,0.044206,gte,896,1,19.98,19.87,0.0,100.0,0.1998,1.0,0.333,1.0011,0.0,5.1018,-2.6292,5.4085,-3.9537,56.36,7.731,long,False,long
1h_current_compression,17.1,lte,896,1,19.98,19.87,0.0,100.0,0.1998,1.0,0.333,1.0011,0.0,5.0994,-0.4881,5.4057,-1.4455,56.36,5.5875,long,False,long
15m_current_volume_ratio,0.1634,gte,897,0,19.96,19.96,0.0,0.0,0.1996,1.0,0.3327,1.0,100.0,5.0931,0.0,5.398,0.0,56.3,5.0931,long,False,long
15m_previous_close_position,0.0,gte,897,0,19.96,19.96,0.0,0.0,0.1996,1.0,0.3327,1.0,100.0,5.0931,0.0,5.398,0.0,56.3,5.0931,long,False,long
1h_previous_compression,0.0,gte,897,0,19.96,19.96,0.0,0.0,0.1996,1.0,0.3327,1.0,100.0,5.0931,0.0,5.398,0.0,56.3,5.0931,long,False,long
2h_current_compression,0.0,gte,897,0,19.96,19.96,0.0,0.0,0.1996,1.0,0.3327,1.0,100.0,5.0931,0.0,5.398,0.0,56.3,5.0931,long,False,long
2h_previous_close_position,0.0,gte,897,0,19.96,19.96,0.0,0.0,0.1996,1.0,0.3327,1.0,100.0,5.0931,0.0,5.398,0.0,56.3,5.0931,long,False,long
2h_previous_compression,0.0,gte,897,0,19.96,19.96,0.0,0.0,0.1996,1.0,0.3327,1.0,100.0,5.0931,0.0,5.398,0.0,56.3,5.0931,long,False,long
2h_previous_volume_ratio,0.0,gte,897,0,19.96,19.96,0.0,0.0,0.1996,1.0,0.3327,1.0,100.0,5.0931,0.0,5.398,0.0,56.3,5.0931,long,False,long
30m_current_close_position,0.0079,gte,897,0,19.96,19.96,0.0,0.0,0.1996,1.0,0.3327,1.0,100.0,5.0931,0.0,5.398,0.0,56.3,5.0931,long,False,long
30m_previous_close_position,0.0,gte,897,0,19.96,19.96,0.0,0.0,0.1996,1.0,0.3327,1.0,100.0,5.0931,0.0,5.398,0.0,56.3,5.0931,long,False,long
5m_body_position,0.0,gte,897,0,19.96,19.96,0.0,0.0,0.1996,1.0,0.3327,1.0,100.0,5.0931,0.0,5.398,0.0,56.3,5.0931,long,False,long
5m_first_abnormal_candle_6,0.0,gte,897,0,19.96,19.96,0.0,0.0,0.1996,1.0,0.3327,1.0,100.0,5.0931,0.0,5.398,0.0,56.3,5.0931,long,False,long
5m_release,0.0,gte,897,0,19.96,19.96,0.0,0.0,0.1996,1.0,0.3327,1.0,100.0,5.0931,0.0,5.398,0.0,56.3,5.0931,long,False,long
5m_seq_positive_count_6,0.0,gte,897,0,19.96,19.96,0.0,0.0,0.1996,1.0,0.3327,1.0,100.0,5.0931,0.0,5.398,0.0,56.3,5.0931,long,False,long
5m_seq_volume_energy_6,0.0,gte,897,0,19.96,19.96,0.0,0.0,0.1996,1.0,0.3327,1.0,100.0,5.0931,0.0,5.398,0.0,56.3,5.0931,long,False,long
5m_volume_ma_ratio,0.1012,gte,897,0,19.96,19.96,0.0,0.0,0.1996,1.0,0.3327,1.0,100.0,5.0931,0.0,5.398,0.0,56.3,5.0931,long,False,long
h4_score,-60.069462,gte,897,0,19.96,19.96,0.0,0.0,0.1996,1.0,0.3327,1.0,100.0,5.0931,0.0,5.398,0.0,56.3,5.0931,long,False,long
2h_previous_range_pct,15.855888,gte,94,803,47.87,19.15,16.69,83.31,0.4787,0.2514,0.3297,2.399,12.4813,8.119,4.7389,9.8792,4.8734,72.34,3.38,long,True,long
1h_current_body_pct,13.83363,gte,37,860,89.19,2.7,16.98,83.02,0.8919,0.1844,0.3056,4.4694,161.3836,22.4044,4.3483,24.3337,4.5833,97.3,18.0561,long,True,long
1h_current_ma20_distance_pct,34.740668,gte,48,849,60.42,16.67,17.67,82.33,0.6042,0.162,0.2555,3.0276,16.8925,12.9514,4.6488,12.8637,4.9759,72.92,8.3026,long,True,long
2h_current_body_pct,22.121308,gte,32,865,81.25,6.25,17.69,82.31,0.8125,0.1453,0.2464,4.0716,60.4967,22.0346,4.4664,22.4737,4.7663,90.62,17.5682,long,True,long
2h_current_return_pct,22.086416,gte,32,865,81.25,6.25,17.69,82.31,0.8125,0.1453,0.2464,4.0716,60.4967,22.0346,4.4664,22.4737,4.7663,90.62,17.5682,long,True,long
30m_previous_range_pct,9.309852,gte,69,828,43.48,14.49,18.0,82.0,0.4348,0.1676,0.2419,2.1788,13.6711,8.5194,4.8076,8.6699,5.1254,68.12,3.7118,long,True,long
2h_current_ma20_distance_pct,53.746088,gte,46,851,56.52,17.39,17.98,82.02,0.5652,0.1453,0.2311,2.8324,14.8268,11.757,4.7329,12.4356,5.0176,71.74,7.0241,long,True,long
15m_current_ma20_distance_pct,15.852612,gte,39,858,61.54,15.38,18.07,81.93,0.6154,0.1341,0.2202,3.0838,18.1419,12.3183,4.7647,11.8123,5.1065,79.49,7.5536,long,True,long
1h_current_return_pct,17.579276,gte,25,872,88.0,4.0,18.0,82.0,0.88,0.1229,0.2157,4.4098,100.1911,25.5408,4.5069,29.3655,4.7109,96.0,21.0339,long,True,long
2h_current_range_pct,31.42491,gte,29,868,72.41,13.79,18.2,81.8,0.7241,0.1173,0.2019,3.6288,23.5918,17.6172,4.6747,13.4815,5.1279,82.76,12.9425,long,True,long
15m_previous_ma20_distance_pct,12.82285,gte,38,859,55.26,13.16,18.39,81.61,0.5526,0.1173,0.1935,2.7693,18.6342,11.1798,4.8239,11.2157,5.1407,78.95,6.356,long,True,long
15m_current_body_pct,7.008724,gte,28,869,71.43,10.71,18.3,81.7,0.7143,0.1117,0.1932,3.5794,29.7694,13.3469,4.8272,12.615,5.1655,85.71,8.5197,long,True,long
15m_current_return_pct,6.930772,gte,28,869,71.43,10.71,18.3,81.7,0.7143,0.1117,0.1932,3.5794,29.7694,13.3469,4.8272,12.615,5.1655,85.71,8.5197,long,True,long
1h_previous_ma20_distance_pct,28.41046,gte,45,852,46.67,24.44,18.54,81.46,0.4667,0.1173,0.1875,2.3385,8.3855,8.0958,4.9345,7.6058,5.2814,64.44,3.1613,long,True,long
1h_previous_volume_ratio,5.04845,gte,68,829,33.82,8.82,18.82,81.18,0.3382,0.1285,0.1862,1.695,16.5374,7.5943,4.888,7.5087,5.2249,64.71,2.7064,long,True,long
5m_range_energy,47.654212,gte,42,855,47.62,16.67,18.6,81.4,0.4762,0.1117,0.181,2.3863,12.5067,10.1727,4.8436,8.0974,5.2654,69.05,5.3291,long,True,long
1h_current_volume_ratio,12.72981,gte,24,873,75.0,4.17,18.44,81.56,0.75,0.1006,0.1773,3.7584,79.6025,13.8993,4.851,14.2892,5.1536,87.5,9.0483,long,True,long
2h_previous_return_pct,13.011054,gte,33,864,54.55,24.24,18.63,81.37,0.5455,0.1006,0.1698,2.7334,9.8245,7.9556,4.9838,10.9763,5.185,72.73,2.9718,long,True,long
30m_previous_ma20_distance_pct,20.74785,gte,35,862,51.43,22.86,18.68,81.32,0.5143,0.1006,0.1682,2.5772,9.7966,9.3969,4.9184,7.81,5.3001,71.43,4.4785,long,True,long
30m_current_return_pct,14.070556,gte,18,879,88.89,11.11,18.54,81.46,0.8889,0.0894,0.1624,4.4544,35.1411,20.8591,4.7703,20.6807,5.0851,88.89,16.0888,long,True,long
30m_current_body_pct,14.161572,gte,17,880,88.24,11.76,18.64,81.36,0.8824,0.0838,0.1531,4.4216,32.7439,20.9696,4.7864,20.87,5.0991,88.24,16.1831,long,True,long
30m_current_range_pct,17.945956,gte,19,878,78.95,10.53,18.68,81.32,0.7895,0.0838,0.1515,3.9562,32.6524,18.3987,4.8052,17.1999,5.1426,89.47,13.5935,long,True,long
1h_current_range_pct,26.929756,gte,16,881,87.5,6.25,18.73,81.27,0.875,0.0782,0.1436,4.3848,60.7515,23.4209,4.7603,20.2872,5.1276,93.75,18.6606,long,True,long
15m_current_close_position,0.22,lte,44,853,36.36,11.36,19.11,80.89,0.3636,0.0894,0.1435,1.8222,13.546,7.6994,4.9587,6.4474,5.3439,63.64,2.7407,long,True,long
15m_previous_volume_ratio,4.13945,gte,47,850,31.91,17.02,19.29,80.71,0.3191,0.0838,0.1327,1.5993,7.843,7.7218,4.9478,10.1127,5.1373,61.7,2.774,long,True,long
15m_current_range_pct,13.229202,gte,18,879,66.67,16.67,19.0,81.0,0.6667,0.067,0.1218,3.3408,17.0539,13.0486,4.9302,11.6967,5.269,77.78,8.1183,long,True,long
2h_current_volume_ratio,14.005432,gte,21,876,57.14,4.76,19.06,80.94,0.5714,0.067,0.12,2.8635,50.9461,11.5953,4.9373,9.6707,5.2956,76.19,6.6581,long,True,long
30m_current_ma20_distance_pct,34.55446,gte,17,880,64.71,23.53,19.09,80.91,0.6471,0.0615,0.1122,3.2425,11.6548,12.3395,4.9531,11.9981,5.2705,76.47,7.3863,long,False,long
1h_previous_body_pct,13.8708,gte,16,881,62.5,12.5,19.18,80.82,0.625,0.0559,0.1026,3.132,21.0651,10.6855,4.9916,8.76,5.337,81.25,5.6939,long,False,long
15m_previous_return_pct,5.590628,gte,19,878,52.63,5.26,19.25,80.75,0.5263,0.0559,0.101,2.6375,41.9527,13.7157,4.9065,17.3416,5.1396,84.21,8.8092,long,False,long
2h_previous_body_pct,19.1285,gte,16,881,56.25,18.75,19.3,80.7,0.5625,0.0503,0.0923,2.8188,12.5471,9.587,5.0115,12.1289,5.2758,81.25,4.5755,long,False,long
15m_previous_body_pct,7.751754,gte,18,879,50.0,11.11,19.34,80.66,0.5,0.0503,0.0914,2.5056,18.7676,12.4503,4.9425,13.0384,5.2416,77.78,7.5078,long,False,long
30m_previous_body_pct,8.9459,gte,19,878,47.37,10.53,19.36,80.64,0.4737,0.0503,0.0909,2.3737,18.7412,10.1101,4.9846,11.9533,5.2562,68.42,5.1256,long,False,long
5m_momentum,6.678955,gte,22,875,40.91,22.73,19.43,80.57,0.4091,0.0503,0.0896,2.05,7.4647,10.1111,4.967,7.6605,5.3411,63.64,5.1441,long,False,long
1h_previous_return_pct,-9.04872,lte,15,882,53.33,26.67,19.39,80.61,0.5333,0.0447,0.0825,2.6726,8.3158,5.2911,5.0898,6.0116,5.3876,60.0,0.2013,long,False,long
30m_current_volume_ratio,13.268788,gte,15,882,53.33,6.67,19.39,80.61,0.5333,0.0447,0.0825,2.6726,33.2632,9.9462,5.0106,11.8539,5.2882,73.33,4.9356,long,False,long
30m_previous_return_pct,-5.8371,lte,15,882,53.33,6.67,19.39,80.61,0.5333,0.0447,0.0825,2.6726,33.2632,8.9545,5.0275,10.9309,5.3039,66.67,3.9271,long,False,long
5m_seq_body_energy_6,8.656076,gte,16,881,50.0,12.5,19.41,80.59,0.5,0.0447,0.0821,2.5056,16.6082,13.3001,4.9441,10.0599,5.3134,75.0,8.356,long,False,long
5m_seq_return_sum_6,9.77682,gte,16,881,50.0,6.25,19.41,80.59,0.5,0.0447,0.0821,2.5056,33.2164,12.9592,4.9503,14.3413,5.2356,87.5,8.0089,long,False,long
1h_previous_close_position,0.04,lte,19,878,42.11,15.79,19.48,80.52,0.4211,0.0447,0.0808,2.11,11.0253,6.6104,5.0603,7.9354,5.3431,63.16,1.5501,long,False,long
30m_previous_volume_ratio,8.15662,gte,23,874,34.78,8.7,19.57,80.43,0.3478,0.0447,0.0792,1.743,16.4444,8.9691,4.9911,8.1412,5.3258,52.17,3.9779,long,False,long
5m_compression,0.0,lte,371,526,29.38,21.83,13.31,86.69,0.2938,0.6089,0.3964,1.4723,8.7661,4.8159,3.1854,4.0893,3.0556,54.45,1.6304,short,True,short
15m_previous_compression,0.0,lte,538,359,25.84,21.19,11.14,88.86,0.2584,0.7765,0.3877,1.2947,9.7239,4.4039,3.0444,3.8211,2.9766,56.13,1.3595,short,True,short
15m_current_compression,0.0,lte,539,358,25.23,21.89,12.01,87.99,0.2523,0.7598,0.3788,1.2644,8.443,4.4283,3.0038,3.9479,2.7833,53.43,1.4245,short,True,short
30m_previous_compression,0.0,lte,717,180,23.29,19.8,6.67,93.33,0.2329,0.933,0.3728,1.1672,16.4648,4.1896,2.5459,3.7713,2.3351,54.11,1.6437,short,True,short
30m_current_compression,0.0,lte,708,189,23.16,20.2,7.94,92.06,0.2316,0.9162,0.3698,1.1608,13.3035,4.1823,2.6516,3.6789,2.7496,53.67,1.5307,short,True,short
1h_current_range_pct,17.41933,gte,56,841,76.79,16.07,16.17,83.83,0.7679,0.2402,0.366,3.8479,24.7672,12.653,3.2743,13.5599,2.8121,78.57,9.3787,short,True,short
1h_current_body_pct,10.89637,gte,45,852,86.67,13.33,16.43,83.57,0.8667,0.2179,0.3482,4.343,33.0571,14.663,3.2892,14.8496,2.8828,86.67,11.3738,short,True,short
2h_current_close_position,0.84568,lte,891,6,20.09,19.42,0.0,100.0,0.2009,1.0,0.3346,1.0067,0.0,4.0217,-20.1891,3.6404,-19.8655,51.18,24.2109,short,False,short
1h_current_close_position,0.832568,lte,892,5,20.07,19.51,0.0,100.0,0.2007,1.0,0.3343,1.0056,0.0,3.9808,-17.722,3.6025,-17.81,51.12,21.7027,short,False,short
30m_previous_volume_ratio,25.23893,lte,894,3,20.02,19.91,0.0,100.0,0.2002,1.0,0.3336,1.0034,0.0,3.8776,-1.4493,3.5025,-2.3009,50.89,5.3269,short,False,short
1h_previous_volume_ratio,39.37076,lte,895,2,20.0,19.89,0.0,100.0,0.2,1.0,0.3333,1.0022,0.0,3.8754,-3.148,3.4991,-3.6833,50.84,7.0234,short,False,short
15m_current_close_position,0.0,gte,897,0,19.96,19.96,0.0,0.0,0.1996,1.0,0.3327,1.0,100.0,3.8598,0.0,3.4831,0.0,50.84,3.8598,short,False,short
1h_current_compression,0.0,gte,897,0,19.96,19.96,0.0,0.0,0.1996,1.0,0.3327,1.0,100.0,3.8598,0.0,3.4831,0.0,50.84,3.8598,short,False,short
1h_previous_close_position,0.0,gte,897,0,19.96,19.96,0.0,0.0,0.1996,1.0,0.3327,1.0,100.0,3.8598,0.0,3.4831,0.0,50.84,3.8598,short,False,short
1h_previous_compression,0.0,gte,897,0,19.96,19.96,0.0,0.0,0.1996,1.0,0.3327,1.0,100.0,3.8598,0.0,3.4831,0.0,50.84,3.8598,short,False,short
2h_current_compression,0.0,gte,897,0,19.96,19.96,0.0,0.0,0.1996,1.0,0.3327,1.0,100.0,3.8598,0.0,3.4831,0.0,50.84,3.8598,short,False,short
2h_previous_close_position,0.0,gte,897,0,19.96,19.96,0.0,0.0,0.1996,1.0,0.3327,1.0,100.0,3.8598,0.0,3.4831,0.0,50.84,3.8598,short,False,short
2h_previous_compression,0.0,gte,897,0,19.96,19.96,0.0,0.0,0.1996,1.0,0.3327,1.0,100.0,3.8598,0.0,3.4831,0.0,50.84,3.8598,short,False,short
30m_previous_close_position,0.0,gte,897,0,19.96,19.96,0.0,0.0,0.1996,1.0,0.3327,1.0,100.0,3.8598,0.0,3.4831,0.0,50.84,3.8598,short,False,short
5m_body_position,0.0,gte,897,0,19.96,19.96,0.0,0.0,0.1996,1.0,0.3327,1.0,100.0,3.8598,0.0,3.4831,0.0,50.84,3.8598,short,False,short
5m_first_abnormal_candle_6,0.0,gte,897,0,19.96,19.96,0.0,0.0,0.1996,1.0,0.3327,1.0,100.0,3.8598,0.0,3.4831,0.0,50.84,3.8598,short,False,short
5m_release,0.0,gte,897,0,19.96,19.96,0.0,0.0,0.1996,1.0,0.3327,1.0,100.0,3.8598,0.0,3.4831,0.0,50.84,3.8598,short,False,short
h4_score,0.653445,lte,897,0,19.96,19.96,0.0,0.0,0.1996,1.0,0.3327,1.0,100.0,3.8598,0.0,3.4831,0.0,50.84,3.8598,short,False,short
1h_current_return_pct,-11.76382,lte,34,863,94.12,5.88,17.03,82.97,0.9412,0.1788,0.3005,4.7164,77.932,20.1338,3.2186,20.2429,2.8228,94.12,16.9152,short,True,short
15m_previous_body_pct,4.770016,gte,59,838,55.93,15.25,17.42,82.58,0.5593,0.1844,0.2773,2.8029,17.379,7.5541,3.5997,9.4504,3.063,69.49,3.9544,short,True,short
30m_previous_return_pct,-3.713316,lte,71,826,47.89,15.49,17.55,82.45,0.4789,0.1899,0.272,2.3997,14.5166,6.6883,3.6167,6.269,3.2437,63.38,3.0716,short,True,short
2h_previous_body_pct,10.766236,gte,78,819,39.74,19.23,18.07,81.93,0.3974,0.1732,0.2412,1.9916,9.3698,6.2567,3.6315,5.9008,3.2529,67.95,2.6252,short,True,short
2h_previous_return_pct,11.071832,gte,63,834,46.03,19.05,17.99,82.01,0.4603,0.162,0.2397,2.3067,11.02,6.5668,3.6553,6.6336,3.2451,69.84,2.9115,short,True,short
5m_seq_return_sum_6,-6.677506,lte,36,861,69.44,13.89,17.89,82.11,0.6944,0.1397,0.2326,3.48,22.9545,9.5875,3.6203,9.4097,3.2353,80.56,5.9672,short,True,short
30m_previous_range_pct,13.03876,gte,47,850,55.32,21.28,18.0,82.0,0.5532,0.1453,0.2301,2.7721,11.8444,7.7268,3.646,7.7143,3.2492,68.09,4.0808,short,True,short
1h_previous_ma20_distance_pct,29.786586,gte,50,847,52.0,30.0,18.06,81.94,0.52,0.1453,0.2271,2.6058,7.8623,7.3322,3.6548,7.5879,3.2408,62.0,3.6774,short,True,short
15m_previous_volume_ratio,2.600556,gte,122,775,27.87,15.57,18.71,81.29,0.2787,0.1899,0.2259,1.3966,7.775,5.2126,3.6468,4.8473,3.2684,54.92,1.5658,short,True,short
2h_previous_range_pct,25.139928,gte,48,849,50.0,20.83,18.26,81.74,0.5,0.1341,0.2115,2.5056,10.7458,7.7376,3.6405,7.5032,3.2558,70.83,4.0971,short,True,short
30m_previous_ma20_distance_pct,18.3995,gte,58,839,43.1,32.76,18.36,81.64,0.431,0.1397,0.211,2.16,5.8527,7.5864,3.6022,7.3606,3.2151,58.62,3.9842,short,True,short
2h_current_volume_ratio,5.14928,gte,85,812,31.76,18.82,18.72,81.28,0.3176,0.1508,0.2045,1.5918,7.3273,5.6352,3.6739,6.5798,3.159,58.82,1.9613,short,True,short
5m_seq_body_energy_6,5.63664,gte,45,852,48.89,15.56,18.43,81.57,0.4889,0.1229,0.1964,2.4499,13.9126,6.6641,3.7117,7.9725,3.246,73.33,2.9525,short,True,short
1h_current_volume_ratio,6.192676,gte,41,856,46.34,14.63,18.69,81.31,0.4634,0.1061,0.1727,2.3223,13.775,8.3301,3.6457,9.3418,3.2025,68.29,4.6844,short,True,short
30m_current_body_pct,10.296472,gte,19,878,89.47,10.53,18.45,81.55,0.8947,0.095,0.1717,4.4837,37.5679,13.0521,3.6609,18.0955,3.1669,89.47,9.3912,short,True,short
2h_current_range_pct,33.879508,gte,23,874,73.91,26.09,18.54,81.46,0.7391,0.095,0.1683,3.7039,12.4527,12.0747,3.6436,10.9688,3.2861,73.91,8.4311,short,True,short
30m_current_return_pct,-10.362928,lte,17,880,94.12,5.88,18.52,81.48,0.9412,0.0894,0.1633,4.7164,70.3804,16.2131,3.6211,21.1081,3.1426,94.12,12.592,short,True,short
2h_current_body_pct,20.409312,gte,20,877,80.0,20.0,18.59,81.41,0.8,0.0894,0.1608,4.0089,17.5215,11.1195,3.6942,12.2558,3.2831,80.0,7.4253,short,True,short
15m_current_ma20_distance_pct,-9.78555,lte,28,869,57.14,10.71,18.76,81.24,0.5714,0.0894,0.1546,2.8635,23.1002,9.4207,3.6806,8.1301,3.3334,78.57,5.7401,short,True,short
2h_current_return_pct,-20.089984,lte,16,881,93.75,0.0,18.62,81.38,0.9375,0.0838,0.1538,4.698,65.5793,19.3033,3.5793,20.0039,3.1831,100.0,15.724,short,True,short
30m_current_volume_ratio,6.329598,gte,42,855,38.1,19.05,19.06,80.94,0.381,0.0894,0.1448,1.909,8.4908,7.5896,3.6766,8.1082,3.2559,69.05,3.913,short,True,short
15m_current_return_pct,-8.82851,lte,16,881,87.5,0.0,18.73,81.27,0.875,0.0782,0.1436,4.3848,60.7515,15.3881,3.6504,16.4452,3.2477,100.0,11.7376,short,True,short
1h_previous_range_pct,23.20295,gte,32,865,46.88,31.25,18.96,81.04,0.4688,0.0838,0.1422,2.349,6.4116,6.3407,3.768,5.8771,3.3946,59.38,2.5727,short,True,short
5m_momentum,-5.142059,lte,33,864,45.45,15.15,18.98,81.02,0.4545,0.0838,0.1415,2.2778,12.8049,5.0844,3.813,3.1917,3.4943,63.64,1.2714,short,True,short
15m_current_body_pct,9.775904,gte,15,882,86.67,13.33,18.82,81.18,0.8667,0.0726,0.134,4.343,28.0361,11.3116,3.7331,16.7842,3.2569,86.67,7.5786,short,True,short
1h_current_ma20_distance_pct,-14.441582,lte,15,882,86.67,6.67,18.82,81.18,0.8667,0.0726,0.134,4.343,56.0723,16.3024,3.6482,16.2553,3.2659,93.33,12.6542,short,True,short
15m_current_range_pct,14.413764,gte,16,881,81.25,12.5,18.84,81.16,0.8125,0.0726,0.1333,4.0716,27.997,11.6087,3.7191,17.4395,3.2297,81.25,7.8897,short,True,short
2h_current_ma20_distance_pct,-17.135724,lte,21,876,61.9,4.76,18.95,81.05,0.619,0.0726,0.13,3.1022,55.6024,10.1845,3.7082,11.6435,3.2875,90.48,6.4763,short,True,short
2h_previous_ma20_distance_pct,61.920154,gte,21,876,61.9,23.81,18.95,81.05,0.619,0.0726,0.13,3.1022,11.1205,9.6489,3.721,9.3473,3.3425,66.67,5.9279,short,True,short
1h_previous_body_pct,20.34705,gte,15,882,80.0,20.0,18.93,81.07,0.8,0.067,0.1237,4.0089,17.1257,11.1348,3.7361,12.9239,3.3226,80.0,7.3987,short,True,short
30m_current_range_pct,18.693712,gte,15,882,80.0,20.0,18.93,81.07,0.8,0.067,0.1237,4.0089,17.1257,11.2338,3.7344,16.176,3.2673,80.0,7.4994,short,True,short
15m_previous_range_pct,13.280376,gte,16,881,75.0,18.75,18.96,81.04,0.75,0.067,0.1231,3.7584,17.1018,10.2055,3.7445,8.4631,3.3927,81.25,6.4609,short,True,short
15m_previous_return_pct,-5.744732,lte,17,880,70.59,11.76,18.98,81.02,0.7059,0.067,0.1224,3.5373,25.6168,9.294,3.7548,11.3325,3.3315,76.47,5.5392,short,True,short
30m_current_ma20_distance_pct,-11.953246,lte,17,880,70.59,11.76,18.98,81.02,0.7059,0.067,0.1224,3.5373,25.6168,12.6502,3.69,10.9756,3.3384,82.35,8.9603,short,True,short
5m_range_energy,75.331836,gte,23,874,52.17,26.09,19.11,80.89,0.5217,0.067,0.1188,2.6145,8.4671,5.3555,3.8204,4.8684,3.4467,65.22,1.5351,short,False,short
30m_previous_body_pct,11.334,gte,17,880,52.94,29.41,19.32,80.68,0.5294,0.0503,0.0918,2.653,7.5176,5.2331,3.8333,4.2261,3.4688,58.82,1.3998,short,False,short
15m_previous_ma20_distance_pct,23.372108,gte,18,879,50.0,22.22,19.34,80.66,0.5,0.0503,0.0914,2.5056,9.3838,7.9397,3.7762,10.7544,3.3342,72.22,4.1635,short,False,short
15m_current_volume_ratio,8.474318,gte,25,872,36.0,16.0,19.5,80.5,0.36,0.0503,0.0882,1.804,9.2912,6.6344,3.7802,7.0996,3.3794,64.0,2.8542,short,False,short
1h_previous_return_pct,16.731342,gte,15,882,46.67,33.33,19.5,80.5,0.4667,0.0391,0.0722,2.3385,5.7791,6.996,3.8064,7.3349,3.4176,53.33,3.1896,short,False,short
2h_previous_volume_ratio,11.009136,gte,16,881,43.75,12.5,19.52,80.48,0.4375,0.0391,0.0718,2.1924,14.4273,8.0021,3.7846,7.4856,3.4104,75.0,4.2175,short,False,short
30m_current_close_position,0.90206,gte,17,880,41.18,23.53,19.55,80.45,0.4118,0.0391,0.0714,2.0634,7.2035,5.017,3.8374,2.9338,3.4937,70.59,1.1795,short,False,short
5m_volume_ma_ratio,11.688278,gte,17,880,41.18,5.88,19.55,80.45,0.4118,0.0391,0.0714,2.0634,28.814,6.7375,3.8042,7.3594,3.4082,70.59,2.9333,short,False,short
5m_seq_volume_energy_6,33.542688,gte,18,879,38.89,16.67,19.57,80.43,0.3889,0.0391,0.0711,1.9488,9.5911,6.0231,3.8155,4.8944,3.4542,55.56,2.2076,short,False,short
15m_previous_close_position,0.04,lte,19,878,36.84,26.32,19.59,80.41,0.3684,0.0391,0.0707,1.8462,5.7465,7.0919,3.7898,7.8796,3.388,57.89,3.3021,short,False,short
5m_seq_positive_count_6,0.0,lte,15,882,33.33,20.0,19.73,80.27,0.3333,0.0279,0.0515,1.6704,6.7816,4.7508,3.8446,6.5704,3.4306,66.67,0.9061,short,False,short
