condition_id,feature,combined_score,shap_mean_abs,gain_importance,permutation_importance
bear_leader,ctx_rank_5m_release,0.242252,0.807505,0,0
bear_leader,ctx_rank_5m_compression,0.037048,0.123494,0,0
bear_leader,direction_confidence,0.036337,0.121125,0,0
bear_leader,entry_score,0.029592,0.098641,0,0
bear_leader,dna_2h_previous_volume_ratio,0.025054,0.083512,0,0
bear_leader,a6_formula_score,0.016243,0.054144,0,0
bear_leader,dna_15m_current_range_pct,0.014218,0.047394,0,0
bear_leader,cluster_top_score,0.012426,0.04142,0,0
bear_leader,meta_derived_atr_expansion,0.012086,0.040287,0,0
bear_leader,dna_derived_breakout_flag,0.011844,0.039481,0,0
bear_leader,dna_5m_release,0.011477,0.038256,0,0
bear_leader,dna_derived_atr_expansion,0.010598,0.035327,0,0
bear_leader,dna_1h_current_return_pct,0.009428,0.031427,0,0
bear_leader,meta_derived_breakout_flag,0.009271,0.030904,0,0
bear_leader,ctx_rank_1h_current_return_pct,0.009018,0.030061,0,0
bear_leader,exec_obs_volume_surge,0.007792,0.025975,0,0
bear_leader,ctx_rank_2h_current_return_pct,0.007586,0.025287,0,0
bear_leader,state_5m_Release,0.007388,0.024627,0,0
bear_leader,dna_15m_current_close_position,0.00718,0.023932,0,0
bear_leader,search_rank_pct_return,0.007171,0.023904,0,0
breakout,ctx_rank_5m_release,0.226975,0.756585,0,0
breakout,direction_confidence,0.038604,0.128681,0,0
breakout,ctx_rank_5m_compression,0.03804,0.126799,0,0
breakout,dna_2h_previous_volume_ratio,0.031116,0.103719,0,0
breakout,entry_score,0.03017,0.100566,0,0
breakout,dna_5m_release,0.019337,0.064456,0,0
breakout,meta_derived_atr_expansion,0.018843,0.06281,0,0
breakout,dna_derived_atr_expansion,0.016834,0.056114,0,0
breakout,dna_15m_current_range_pct,0.016687,0.055624,0,0
breakout,dna_derived_breakout_flag,0.015868,0.052894,0,0
breakout,meta_derived_breakout_flag,0.012383,0.041278,0,0
breakout,a6_formula_score,0.011138,0.037126,0,0
breakout,dna_derived_false_breakout,0.010214,0.034048,0,0
breakout,cluster_top_score,0.009756,0.032519,0,0
breakout,exec_obs_volume_surge,0.009361,0.031202,0,0
breakout,dna_30m_current_close_position,0.008867,0.029556,0,0
breakout,ctx_rank_1h_current_return_pct,0.008638,0.028792,0,0
breakout,dna_30m_previous_volume_ratio,0.008419,0.028062,0,0
breakout,dna_5m_body_position,0.008365,0.027884,0,0
breakout,dna_2h_previous_range_pct,0.008188,0.027295,0,0
bull_leader,ctx_rank_5m_release,0.250873,0.836243,0,0
bull_leader,ctx_rank_5m_compression,0.040579,0.135265,0,0
bull_leader,direction_confidence,0.035368,0.117893,0,0
bull_leader,entry_score,0.027829,0.092764,0,0
bull_leader,dna_2h_previous_volume_ratio,0.025108,0.083693,0,0
bull_leader,dna_15m_current_range_pct,0.013873,0.046244,0,0
bull_leader,meta_derived_atr_expansion,0.01259,0.041966,0,0
bull_leader,dna_5m_release,0.011277,0.037591,0,0
bull_leader,dna_derived_atr_expansion,0.009867,0.03289,0,0
bull_leader,a6_formula_score,0.009634,0.032115,0,0
bull_leader,dna_derived_breakout_flag,0.00939,0.031299,0,0
bull_leader,dna_5m_body_position,0.008984,0.029946,0,0
bull_leader,ctx_rank_1h_current_return_pct,0.008524,0.028414,0,0
bull_leader,exec_obs_volume_surge,0.008505,0.02835,0,0
bull_leader,cluster_top_score,0.008187,0.027289,0,0
bull_leader,dna_30m_current_close_position,0.007867,0.026222,0,0
bull_leader,meta_derived_lower_wick,0.00758,0.025268,0,0
bull_leader,dna_2h_previous_range_pct,0.007487,0.024955,0,0
bull_leader,phase20_base_score,0.007315,0.024383,0,0
bull_leader,ctx_rank_1h_current_ma20_distance_pct,0.007296,0.024319,0,0
compression,ctx_rank_5m_release,0.248837,0.829458,0,0
compression,ctx_rank_5m_compression,0.037252,0.124175,0,0
compression,direction_confidence,0.036493,0.121645,0,0
compression,entry_score,0.030375,0.101249,0,0
compression,dna_2h_previous_volume_ratio,0.026117,0.087057,0,0
compression,a6_formula_score,0.016073,0.053576,0,0
compression,dna_15m_current_range_pct,0.014234,0.047447,0,0
compression,cluster_top_score,0.012698,0.042325,0,0
compression,meta_derived_atr_expansion,0.011982,0.039939,0,0
compression,dna_derived_breakout_flag,0.011481,0.038271,0,0
compression,dna_5m_release,0.011106,0.03702,0,0
compression,dna_derived_atr_expansion,0.010366,0.034553,0,0
compression,dna_1h_current_return_pct,0.010063,0.033542,0,0
compression,meta_derived_breakout_flag,0.009162,0.03054,0,0
compression,ctx_rank_1h_current_return_pct,0.008794,0.029314,0,0
compression,exec_obs_volume_surge,0.007799,0.025997,0,0
compression,ctx_rank_2h_current_return_pct,0.007735,0.025784,0,0
compression,dna_30m_current_close_position,0.007275,0.024251,0,0
compression,state_5m_Release,0.007273,0.024242,0,0
compression,ctx_rank_1h_current_ma20_distance_pct,0.007137,0.02379,0,0
high_volatility,ctx_rank_5m_release,0.256778,0.855927,0,0
high_volatility,ctx_rank_5m_compression,0.040158,0.13386,0,0
high_volatility,direction_confidence,0.037491,0.124969,0,0
high_volatility,entry_score,0.031276,0.104255,0,0
high_volatility,dna_2h_previous_volume_ratio,0.026458,0.088192,0,0
high_volatility,a6_formula_score,0.014863,0.049545,0,0
high_volatility,dna_15m_current_range_pct,0.014137,0.047122,0,0
high_volatility,dna_5m_release,0.013497,0.04499,0,0
high_volatility,meta_derived_atr_expansion,0.012914,0.043048,0,0
high_volatility,cluster_top_score,0.012555,0.041849,0,0
high_volatility,dna_derived_breakout_flag,0.012357,0.04119,0,0
high_volatility,dna_derived_atr_expansion,0.011671,0.038902,0,0
high_volatility,meta_derived_breakout_flag,0.009973,0.033244,0,0
high_volatility,ctx_rank_1h_current_return_pct,0.009826,0.032752,0,0
high_volatility,dna_1h_current_return_pct,0.009485,0.031616,0,0
high_volatility,search_rank_pct_return,0.008038,0.026792,0,0
high_volatility,dna_2h_current_ma20_distance_pct,0.007712,0.025706,0,0
high_volatility,state_5m_Release,0.007688,0.025627,0,0
high_volatility,dna_30m_previous_volume_ratio,0.007541,0.025138,0,0
high_volatility,ctx_rank_1h_current_ma20_distance_pct,0.007472,0.024907,0,0
low_volatility,ctx_rank_5m_release,0.267763,0.892544,0,0
low_volatility,ctx_rank_5m_compression,0.038505,0.12835,0,0
low_volatility,direction_confidence,0.036368,0.121226,0,0
low_volatility,entry_score,0.027979,0.093262,0,0
low_volatility,dna_2h_previous_volume_ratio,0.025063,0.083544,0,0
low_volatility,a6_formula_score,0.015604,0.052014,0,0
low_volatility,dna_15m_current_range_pct,0.013413,0.044709,0,0
low_volatility,cluster_top_score,0.012169,0.040563,0,0
low_volatility,meta_derived_atr_expansion,0.010582,0.035275,0,0
low_volatility,dna_5m_release,0.009991,0.033302,0,0
low_volatility,dna_derived_breakout_flag,0.009889,0.032963,0,0
low_volatility,dna_1h_current_return_pct,0.009533,0.031778,0,0
low_volatility,dna_derived_atr_expansion,0.008827,0.029423,0,0
low_volatility,ctx_rank_1h_current_return_pct,0.008577,0.028591,0,0
low_volatility,meta_derived_breakout_flag,0.008045,0.026818,0,0
low_volatility,ctx_rank_2h_current_return_pct,0.007726,0.025752,0,0
low_volatility,exec_obs_volume_surge,0.00743,0.024768,0,0
low_volatility,ctx_rank_1h_current_ma20_distance_pct,0.007065,0.02355,0,0
low_volatility,state_5m_Release,0.007041,0.023471,0,0
low_volatility,dna_2h_current_ma20_distance_pct,0.007011,0.02337,0,0
momentum,ctx_rank_5m_release,0.251333,0.837777,0,0
momentum,ctx_rank_5m_compression,0.038216,0.127386,0,0
momentum,direction_confidence,0.037125,0.123749,0,0
momentum,entry_score,0.031169,0.103897,0,0
momentum,dna_2h_previous_volume_ratio,0.026934,0.089781,0,0
momentum,a6_formula_score,0.015159,0.05053,0,0
momentum,dna_15m_current_range_pct,0.013834,0.046112,0,0
momentum,dna_5m_release,0.01254,0.041799,0,0
momentum,meta_derived_atr_expansion,0.012528,0.041759,0,0
momentum,cluster_top_score,0.012472,0.041575,0,0
momentum,dna_derived_breakout_flag,0.011792,0.039306,0,0
momentum,dna_derived_atr_expansion,0.011077,0.036925,0,0
momentum,dna_1h_current_return_pct,0.009927,0.033089,0,0
momentum,meta_derived_breakout_flag,0.009607,0.032025,0,0
momentum,ctx_rank_1h_current_return_pct,0.009125,0.030415,0,0
momentum,ctx_rank_2h_current_return_pct,0.007798,0.025994,0,0
momentum,search_rank_pct_return,0.007545,0.025151,0,0
momentum,exec_obs_volume_surge,0.007455,0.024851,0,0
momentum,ctx_rank_1h_current_ma20_distance_pct,0.007423,0.024742,0,0
momentum,state_5m_Release,0.007397,0.024658,0,0
range_expansion,ctx_rank_5m_release,0.249211,0.830703,0,0
range_expansion,ctx_rank_5m_compression,0.037767,0.125891,0,0
range_expansion,direction_confidence,0.036917,0.123057,0,0
range_expansion,entry_score,0.029893,0.099644,0,0
range_expansion,dna_2h_previous_volume_ratio,0.025684,0.085615,0,0
range_expansion,a6_formula_score,0.015949,0.053164,0,0
range_expansion,dna_15m_current_range_pct,0.014146,0.047154,0,0
range_expansion,meta_derived_atr_expansion,0.012148,0.040494,0,0
range_expansion,cluster_top_score,0.012138,0.040459,0,0
range_expansion,dna_derived_breakout_flag,0.011798,0.039327,0,0
range_expansion,dna_5m_release,0.011452,0.038172,0,0
range_expansion,dna_derived_atr_expansion,0.010658,0.035525,0,0
range_expansion,dna_1h_current_return_pct,0.009627,0.032089,0,0
range_expansion,ctx_rank_1h_current_return_pct,0.009402,0.031339,0,0
range_expansion,meta_derived_breakout_flag,0.00907,0.030233,0,0
range_expansion,search_rank_pct_return,0.007614,0.02538,0,0
range_expansion,exec_obs_volume_surge,0.007309,0.024363,0,0
range_expansion,ctx_rank_1h_current_ma20_distance_pct,0.007243,0.024143,0,0
range_expansion,ctx_rank_2h_current_return_pct,0.007231,0.024104,0,0
range_expansion,state_5m_Release,0.007203,0.024009,0,0
reversal,ctx_rank_5m_release,0.26771,0.892366,0,0
reversal,ctx_rank_5m_compression,0.039897,0.132989,0,0
reversal,direction_confidence,0.037083,0.123611,0,0
reversal,entry_score,0.028582,0.095275,0,0
reversal,dna_2h_previous_volume_ratio,0.027054,0.090179,0,0
reversal,dna_15m_current_range_pct,0.014126,0.047088,0,0
reversal,a6_formula_score,0.013863,0.046209,0,0
reversal,cluster_top_score,0.012595,0.041984,0,0
reversal,dna_5m_release,0.012177,0.04059,0,0
reversal,meta_derived_atr_expansion,0.012125,0.040418,0,0
reversal,dna_derived_breakout_flag,0.012041,0.040138,0,0
reversal,dna_derived_atr_expansion,0.010799,0.035998,0,0
reversal,meta_derived_breakout_flag,0.009832,0.032772,0,0
reversal,ctx_rank_1h_current_return_pct,0.009223,0.030744,0,0
reversal,dna_1h_current_return_pct,0.008893,0.029644,0,0
reversal,exec_obs_volume_surge,0.007952,0.026506,0,0
reversal,dna_2h_current_ma20_distance_pct,0.007658,0.025526,0,0
reversal,state_5m_Release,0.007579,0.025263,0,0
reversal,ctx_rank_2h_current_return_pct,0.007345,0.024482,0,0
reversal,search_rank_pct_return,0.007252,0.024174,0,0
sideway,ctx_rank_5m_release,0.262873,0.876245,0,0
sideway,ctx_rank_5m_compression,0.04008,0.133601,0,0
sideway,direction_confidence,0.037161,0.12387,0,0
sideway,entry_score,0.029122,0.097075,0,0
sideway,dna_2h_previous_volume_ratio,0.026233,0.087442,0,0
sideway,dna_15m_current_range_pct,0.013798,0.045994,0,0
sideway,a6_formula_score,0.01358,0.045267,0,0
sideway,dna_5m_release,0.012169,0.040565,0,0
sideway,cluster_top_score,0.011948,0.039828,0,0
sideway,meta_derived_atr_expansion,0.011607,0.038691,0,0
sideway,dna_derived_breakout_flag,0.010681,0.035605,0,0
sideway,dna_derived_atr_expansion,0.009982,0.033273,0,0
sideway,meta_derived_breakout_flag,0.009027,0.030089,0,0
sideway,ctx_rank_1h_current_return_pct,0.008773,0.029243,0,0
sideway,dna_1h_current_return_pct,0.00804,0.0268,0,0
sideway,dna_2h_current_ma20_distance_pct,0.007922,0.026408,0,0
sideway,ctx_rank_2h_current_return_pct,0.007456,0.024853,0,0
sideway,dna_30m_previous_volume_ratio,0.007343,0.024478,0,0
sideway,state_5m_Release,0.007333,0.024444,0,0
sideway,ctx_rank_1h_current_ma20_distance_pct,0.007296,0.024321,0,0
strong_trend,ctx_rank_5m_release,0.263295,0.877651,0,0
strong_trend,ctx_rank_5m_compression,0.04101,0.1367,0,0
strong_trend,direction_confidence,0.036984,0.12328,0,0
strong_trend,entry_score,0.02906,0.096868,0,0
strong_trend,dna_2h_previous_volume_ratio,0.026008,0.086693,0,0
strong_trend,a6_formula_score,0.01416,0.047201,0,0
strong_trend,dna_15m_current_range_pct,0.0135,0.045,0,0
strong_trend,cluster_top_score,0.012347,0.041157,0,0
strong_trend,dna_5m_release,0.011674,0.038913,0,0
strong_trend,meta_derived_atr_expansion,0.011135,0.037117,0,0
strong_trend,dna_derived_breakout_flag,0.010066,0.033552,0,0
strong_trend,dna_derived_atr_expansion,0.009651,0.032169,0,0
strong_trend,dna_1h_current_return_pct,0.00953,0.031767,0,0
strong_trend,ctx_rank_1h_current_return_pct,0.008917,0.029722,0,0
strong_trend,meta_derived_breakout_flag,0.008359,0.027862,0,0
strong_trend,dna_2h_current_ma20_distance_pct,0.007871,0.026238,0,0
strong_trend,ctx_rank_2h_current_return_pct,0.007634,0.025447,0,0
strong_trend,exec_obs_volume_surge,0.007374,0.02458,0,0
strong_trend,state_5m_Release,0.00731,0.024368,0,0
strong_trend,dna_30m_previous_volume_ratio,0.007295,0.024317,0,0
volume_decline,ctx_rank_5m_release,0.262736,0.875785,0,0
volume_decline,ctx_rank_5m_compression,0.039605,0.132018,0,0
volume_decline,direction_confidence,0.035799,0.11933,0,0
volume_decline,entry_score,0.028261,0.094204,0,0
volume_decline,dna_2h_previous_volume_ratio,0.024416,0.081387,0,0
volume_decline,a6_formula_score,0.015167,0.050558,0,0
volume_decline,cluster_top_score,0.013245,0.044151,0,0
volume_decline,dna_15m_current_range_pct,0.01316,0.043868,0,0
volume_decline,dna_1h_current_return_pct,0.010358,0.034526,0,0
volume_decline,meta_derived_atr_expansion,0.010194,0.03398,0,0
volume_decline,dna_5m_release,0.009821,0.032737,0,0
volume_decline,dna_derived_breakout_flag,0.009468,0.03156,0,0
volume_decline,ctx_rank_1h_current_return_pct,0.009163,0.030543,0,0
volume_decline,dna_derived_atr_expansion,0.008308,0.027693,0,0
volume_decline,meta_derived_breakout_flag,0.007871,0.026235,0,0
volume_decline,dna_2h_current_ma20_distance_pct,0.007853,0.026177,0,0
volume_decline,ctx_rank_2h_current_return_pct,0.00755,0.025168,0,0
volume_decline,exec_obs_volume_surge,0.007469,0.024898,0,0
volume_decline,state_5m_Release,0.007114,0.023712,0,0
volume_decline,ctx_rank_1h_current_ma20_distance_pct,0.006961,0.023205,0,0
volume_surge,ctx_rank_5m_release,0.24918,0.830599,0,0
volume_surge,ctx_rank_5m_compression,0.038434,0.128113,0,0
volume_surge,direction_confidence,0.037149,0.12383,0,0
volume_surge,entry_score,0.029555,0.098516,0,0
volume_surge,dna_2h_previous_volume_ratio,0.026308,0.087694,0,0
volume_surge,a6_formula_score,0.015278,0.050927,0,0
volume_surge,dna_15m_current_range_pct,0.014313,0.047711,0,0
volume_surge,meta_derived_atr_expansion,0.012211,0.040704,0,0
volume_surge,dna_5m_release,0.012045,0.040149,0,0
volume_surge,dna_derived_breakout_flag,0.011782,0.039273,0,0
volume_surge,cluster_top_score,0.011734,0.039112,0,0
volume_surge,dna_derived_atr_expansion,0.010937,0.036456,0,0
volume_surge,meta_derived_breakout_flag,0.009234,0.030779,0,0
volume_surge,ctx_rank_1h_current_return_pct,0.009222,0.03074,0,0
volume_surge,dna_1h_current_return_pct,0.008495,0.028315,0,0
volume_surge,search_rank_pct_return,0.007618,0.025393,0,0
volume_surge,ctx_rank_2h_current_return_pct,0.007491,0.024971,0,0
volume_surge,ctx_rank_1h_current_ma20_distance_pct,0.00744,0.024799,0,0
volume_surge,exec_obs_volume_surge,0.007408,0.024692,0,0
volume_surge,state_5m_Release,0.00734,0.024468,0,0
weak_trend,ctx_rank_5m_release,0.255754,0.852514,0,0
weak_trend,ctx_rank_5m_compression,0.038106,0.12702,0,0
weak_trend,direction_confidence,0.036862,0.122873,0,0
weak_trend,entry_score,0.029255,0.097516,0,0
weak_trend,dna_2h_previous_volume_ratio,0.025913,0.086377,0,0
weak_trend,a6_formula_score,0.015469,0.051564,0,0
weak_trend,dna_15m_current_range_pct,0.014237,0.047456,0,0
weak_trend,cluster_top_score,0.012386,0.041288,0,0
weak_trend,meta_derived_atr_expansion,0.01223,0.040767,0,0
weak_trend,dna_derived_breakout_flag,0.012068,0.040228,0,0
weak_trend,dna_5m_release,0.011648,0.038828,0,0
weak_trend,dna_derived_atr_expansion,0.010671,0.035571,0,0
weak_trend,ctx_rank_1h_current_return_pct,0.009742,0.032472,0,0
weak_trend,meta_derived_breakout_flag,0.009579,0.031929,0,0
weak_trend,dna_1h_current_return_pct,0.009328,0.031092,0,0
weak_trend,search_rank_pct_return,0.007659,0.02553,0,0
weak_trend,exec_obs_volume_surge,0.007562,0.025208,0,0
weak_trend,ctx_rank_2h_current_return_pct,0.007561,0.025202,0,0
weak_trend,state_5m_Release,0.00739,0.024633,0,0
weak_trend,ctx_rank_1h_current_ma20_distance_pct,0.007238,0.024128,0,0
