regime,scan,split,trade_count,scan_count,avg_return_2h,top2_avg_return_2h,top5_avg_return_2h,win_rate,sharpe,sortino,mdd,profit_factor,rank_ndcg5,rank_map,rank_p1,rank_p2,rank_p5,rank_r5,rank_mrr,rank_hit_top3
Mixed,2026-06-11 10:00:00,regime_2026-06-11 10:00:00,5,1,3.5092,7.419,3.5092,40.0,2.3923,0.0,0.0,17.5459,1.0,1.0,1.0,1.0,0.4,1.0,1.0,1.0
Mixed,2026-06-11 12:00:00,regime_2026-06-11 12:00:00,5,1,6.1233,9.6635,6.1233,60.0,1.8973,23.7116,-1.4436,22.2083,0.9505,0.8333,1.0,0.5,0.4,1.0,1.0,1.0
Mixed,2026-06-11 14:00:00,regime_2026-06-11 14:00:00,5,1,4.3123,3.9567,4.3123,60.0,4.383,0.0,0.0,21.5613,0.7075,0.75,1.0,0.5,0.4,1.0,1.0,1.0
Mixed,2026-06-11 16:00:00,regime_2026-06-11 16:00:00,5,1,6.7579,6.1913,6.7579,100.0,4.8415,0.0,0.0,33.7895,0.7919,1.0,1.0,1.0,0.6,1.0,1.0,1.0
Mixed,2026-06-11 18:00:00,regime_2026-06-11 18:00:00,5,1,2.4703,1.6359,2.4703,60.0,2.9519,13.0907,-1.0549,12.7087,0.6313,0.25,0.0,0.0,0.2,1.0,0.25,1.0
Mixed,2026-06-11 20:00:00,regime_2026-06-11 20:00:00,5,1,1.5615,5.9221,1.5615,40.0,0.8008,2.2497,-6.3279,2.2338,1.0,1.0,1.0,1.0,0.6,1.0,1.0,1.0
Mixed,2026-06-11 22:00:00,regime_2026-06-11 22:00:00,5,1,3.5097,4.8705,3.5097,40.0,2.3069,0.0,0.0,17.5486,0.6677,0.5833,0.0,0.5,0.4,1.0,0.5,1.0
Mixed,2026-06-12 00:00:00,regime_2026-06-12 00:00:00,5,1,2.6425,3.2618,2.6425,40.0,2.5602,10.4906,-1.4081,10.3831,0.6806,0.5833,0.0,0.5,0.4,1.0,0.5,1.0
Mixed,2026-06-12 02:00:00,regime_2026-06-12 02:00:00,5,1,6.5842,12.9251,6.5842,60.0,2.4298,0.0,0.0,32.9212,0.8596,1.0,1.0,1.0,0.6,1.0,1.0,1.0
Mixed,2026-06-12 04:00:00,regime_2026-06-12 04:00:00,5,1,3.205,4.5518,3.205,60.0,1.9672,5.3556,-3.3454,5.7902,0.6679,0.7,1.0,0.5,0.4,1.0,1.0,1.0
Mixed,2026-06-12 06:00:00,regime_2026-06-12 06:00:00,5,1,0.8752,0.6869,0.8752,0.0,1.1635,3.7503,-1.3267,3.3202,0.5296,0.25,0.0,0.0,0.2,1.0,0.25,1.0
Mixed,2026-06-12 08:00:00,regime_2026-06-12 08:00:00,5,1,8.1196,14.3759,8.1196,60.0,3.1725,0.0,0.0,40.5978,0.8461,1.0,1.0,1.0,0.4,1.0,1.0,1.0
Distribution,2026-06-12 10:00:00,regime_2026-06-12 10:00:00,5,1,15.0854,25.0747,15.0854,80.0,2.755,0.0,0.0,75.4272,0.956,0.9167,1.0,1.0,0.6,1.0,1.0,1.0
Mixed,2026-06-12 12:00:00,regime_2026-06-12 12:00:00,5,1,2.1323,6.3957,2.1323,20.0,0.9136,2.4316,-4.902,3.1749,0.9828,1.0,1.0,0.5,0.2,1.0,1.0,1.0
Distribution,2026-06-12 14:00:00,regime_2026-06-12 14:00:00,5,1,6.4011,10.6716,6.4011,60.0,3.8281,0.0,0.0,32.0056,0.8489,0.9167,1.0,1.0,0.6,1.0,1.0,1.0
Mixed,2026-06-12 16:00:00,regime_2026-06-12 16:00:00,5,1,2.8084,4.3795,2.8084,40.0,2.0401,9.8442,-1.5948,9.8049,0.9208,0.7,1.0,0.5,0.4,1.0,1.0,1.0
Mixed,2026-06-12 18:00:00,regime_2026-06-12 18:00:00,5,1,4.3491,7.9027,4.3491,60.0,1.5631,5.7621,-4.902,5.436,0.9208,0.7,1.0,0.5,0.4,1.0,1.0,1.0
Mixed,2026-06-12 20:00:00,regime_2026-06-12 20:00:00,5,1,3.4253,5.5681,3.4253,60.0,2.7487,27.852,-0.6875,25.9116,0.9721,0.8333,1.0,0.5,0.4,1.0,1.0,1.0
Distribution,2026-06-12 22:00:00,regime_2026-06-12 22:00:00,5,1,2.2996,4.0151,2.2996,40.0,1.6149,7.7671,-1.6551,7.9471,0.9409,0.75,1.0,0.5,0.4,1.0,1.0,1.0
Bear_Trend,2026-06-13 00:00:00,regime_2026-06-13 00:00:00,5,1,0.7398,-0.6056,0.7398,40.0,0.535,0.8433,-4.9042,1.7543,0.6677,0.5833,0.0,0.5,0.4,1.0,0.5,1.0
Bear_Trend,2026-06-13 02:00:00,regime_2026-06-13 02:00:00,5,1,5.7981,10.8831,5.7981,60.0,2.3055,0.0,0.0,28.9904,0.9944,1.0,1.0,1.0,0.4,1.0,1.0,1.0
Mixed,2026-06-13 04:00:00,regime_2026-06-13 04:00:00,5,1,5.4567,4.3244,5.4567,60.0,3.133,0.0,0.0,27.2836,0.7152,0.8056,1.0,0.5,0.6,1.0,1.0,1.0
Capitulation,2026-06-13 06:00:00,regime_2026-06-13 06:00:00,5,1,1.7982,3.1057,1.7982,40.0,1.828,4.4154,-2.2766,4.9492,0.768,1.0,1.0,1.0,0.6,1.0,1.0,1.0
Mixed,2026-06-13 08:00:00,regime_2026-06-13 08:00:00,5,1,1.3894,4.8609,1.3894,20.0,0.8666,2.5063,-3.1906,2.8558,0.9935,0.9167,1.0,1.0,0.6,1.0,1.0,1.0
Distribution,2026-06-13 10:00:00,regime_2026-06-13 10:00:00,5,1,3.3118,4.0632,3.3118,60.0,6.1875,0.0,0.0,16.5588,0.9915,1.0,1.0,0.5,0.2,1.0,1.0,1.0
Mixed,2026-06-13 12:00:00,regime_2026-06-13 12:00:00,2,1,1.7608,1.7608,1.7608,0.0,4.9883,0.0,0.0,3.5216,1.0,1.0,1.0,1.0,0.4,1.0,1.0,1.0
Bear_Trend,2026-06-13 14:00:00,regime_2026-06-13 14:00:00,5,1,1.3554,3.6963,1.3554,20.0,1.1759,3.1979,-2.6538,3.5537,0.9873,0.8667,1.0,1.0,0.6,1.0,1.0,1.0
Mixed,2026-06-13 16:00:00,regime_2026-06-13 16:00:00,5,1,-1.5446,1.3514,-1.5446,0.0,-1.2179,-1.5511,-10.426,0.2592,0.9978,1.0,1.0,1.0,0.4,1.0,1.0,1.0
Mixed,2026-06-13 18:00:00,regime_2026-06-13 18:00:00,5,1,1.5304,5.2202,1.5304,20.0,0.9598,2.8219,-3.2604,3.347,0.9979,1.0,1.0,1.0,0.6,1.0,1.0,1.0
Distribution,2026-06-13 20:00:00,regime_2026-06-13 20:00:00,5,1,3.8616,6.5064,3.8616,60.0,3.6652,0.0,0.0,19.308,0.8354,1.0,1.0,1.0,0.4,1.0,1.0,1.0
Mixed,2026-06-13 22:00:00,regime_2026-06-13 22:00:00,5,1,2.1889,4.1495,2.1889,40.0,2.9795,0.0,0.0,10.9444,0.8617,1.0,1.0,1.0,0.6,1.0,1.0,1.0
Mixed,2026-06-14 00:00:00,regime_2026-06-14 00:00:00,5,1,-0.646,0.3865,-0.646,0.0,-0.7942,-1.2841,-4.869,0.4717,0.6653,0.5833,0.0,0.5,0.4,1.0,0.5,1.0
Bear_Trend,2026-06-14 02:00:00,regime_2026-06-14 02:00:00,5,1,0.4912,2.2384,0.4912,20.0,0.4564,0.7313,-3.7545,1.6541,0.973,0.75,1.0,0.5,0.4,1.0,1.0,1.0
Mixed,2026-06-14 04:00:00,regime_2026-06-14 04:00:00,5,1,2.9032,3.7336,2.9032,40.0,5.1073,0.0,0.0,14.5159,0.7002,0.45,0.0,0.5,0.4,1.0,0.5,1.0
Mixed,2026-06-14 06:00:00,regime_2026-06-14 06:00:00,5,1,7.8905,2.9318,7.8905,80.0,1.8551,0.0,0.0,39.4524,0.7005,0.7,1.0,0.5,0.6,1.0,1.0,1.0
Mixed,2026-06-14 08:00:00,regime_2026-06-14 08:00:00,5,1,3.5491,7.0907,3.5491,40.0,1.5745,8.1493,-2.4346,8.289,0.9196,0.7,1.0,0.5,0.6,1.0,1.0,1.0
Mixed,2026-06-14 10:00:00,regime_2026-06-14 10:00:00,5,1,1.7381,3.319,1.7381,20.0,1.6423,0.0,0.0,8.6904,0.9709,0.8333,1.0,0.5,0.4,1.0,1.0,1.0
Mixed,2026-06-14 12:00:00,regime_2026-06-14 12:00:00,5,1,0.8327,1.746,0.8327,0.0,0.8936,1.4547,-3.2001,2.3011,0.621,0.45,0.0,0.5,0.4,1.0,0.5,1.0
Mixed,2026-06-14 14:00:00,regime_2026-06-14 14:00:00,5,1,2.5496,3.7245,2.5496,40.0,1.4241,7.1469,-2.995,5.2565,0.7026,0.8667,1.0,1.0,0.6,1.0,1.0,1.0
High_Vol_Downtrend,2026-06-14 16:00:00,regime_2026-06-14 16:00:00,5,1,4.5271,3.8157,4.5271,60.0,3.2393,0.0,0.0,22.6355,0.5648,0.5833,0.0,0.5,0.4,1.0,0.5,1.0
Bear_Trend,2026-06-14 18:00:00,regime_2026-06-14 18:00:00,5,1,4.0097,7.0011,4.0097,60.0,2.8488,85.5526,-0.262,77.5206,0.9901,0.9167,1.0,1.0,0.6,1.0,1.0,1.0
Mixed,2026-06-14 20:00:00,regime_2026-06-14 20:00:00,5,1,8.7972,16.1478,8.7972,60.0,2.2184,0.0,0.0,43.986,0.7341,0.8667,1.0,1.0,0.6,1.0,1.0,1.0
Bear_Trend,2026-06-14 22:00:00,regime_2026-06-14 22:00:00,5,1,4.4108,7.8396,4.4108,40.0,2.3266,0.0,0.0,22.0541,0.9644,0.75,1.0,0.5,0.4,1.0,1.0,1.0
Mixed,2026-06-15 00:00:00,regime_2026-06-15 00:00:00,5,1,2.2283,2.5165,2.2283,40.0,6.5733,0.0,0.0,11.1416,0.7485,0.9167,1.0,1.0,0.6,1.0,1.0,1.0
Mixed,2026-06-15 02:00:00,regime_2026-06-15 02:00:00,5,1,-1.1728,0.4614,-1.1728,0.0,-0.7736,-0.8327,-7.9871,0.2658,0.9755,1.0,1.0,1.0,0.6,1.0,1.0,1.0
Mixed,2026-06-15 04:00:00,regime_2026-06-15 04:00:00,5,1,3.0506,4.2058,3.0506,40.0,4.4837,0.0,0.0,15.253,0.9568,0.9167,1.0,1.0,0.6,1.0,1.0,1.0
Mixed,2026-06-15 06:00:00,regime_2026-06-15 06:00:00,5,1,-0.497,4.0966,-0.497,20.0,-0.241,-0.5491,-10.6782,0.7673,0.9901,0.9167,1.0,1.0,0.6,1.0,1.0,1.0
Distribution,2026-06-15 08:00:00,regime_2026-06-15 08:00:00,5,1,-0.0893,0.6966,-0.0893,0.0,-0.0927,-0.1476,-3.6692,0.9063,0.9296,0.75,1.0,0.5,0.4,1.0,1.0,1.0
Distribution,2026-06-15 10:00:00,regime_2026-06-15 10:00:00,5,1,7.2303,7.538,7.2303,60.0,2.2552,40.1375,-1.007,36.9001,0.7131,1.0,1.0,1.0,0.6,1.0,1.0,1.0
Mixed,2026-06-15 12:00:00,regime_2026-06-15 12:00:00,5,1,1.7893,3.69,1.7893,20.0,1.5706,10.6464,-0.9914,10.0243,0.7254,0.8667,1.0,1.0,0.6,1.0,1.0,1.0
Mixed,2026-06-15 14:00:00,regime_2026-06-15 14:00:00,5,1,5.686,11.305,5.686,40.0,2.7356,0.0,0.0,28.4298,0.9943,1.0,1.0,1.0,0.4,1.0,1.0,1.0
Mixed,2026-06-15 16:00:00,regime_2026-06-15 16:00:00,5,1,12.7804,20.9152,12.7804,80.0,2.7098,0.0,0.0,63.902,0.9734,1.0,1.0,1.0,0.6,1.0,1.0,1.0
Mixed,2026-06-15 18:00:00,regime_2026-06-15 18:00:00,5,1,2.6115,5.2256,2.6115,40.0,2.2466,8.8211,-1.655,8.8898,0.8497,1.0,1.0,1.0,0.4,1.0,1.0,1.0
Mixed,2026-06-15 20:00:00,regime_2026-06-15 20:00:00,5,1,5.8007,12.7169,5.8007,40.0,1.6503,21.944,-1.4777,20.6273,1.0,1.0,1.0,1.0,0.6,1.0,1.0,1.0
Mixed,2026-06-15 22:00:00,regime_2026-06-15 22:00:00,5,1,-0.4254,1.3518,-0.4254,20.0,-0.2124,-0.285,-8.5922,0.7898,0.6437,0.5333,0.0,0.5,0.6,1.0,0.5,1.0
