scan_time_kst,direction,symbol,score,cluster,return_2h
2026-06-11 10:00:00,long,JELLYJELLYUSDT,83.7,LONG_BASE_REVERSAL_D,0.6002
2026-06-11 10:00:00,long,MIRAUSDT,75.6,LONG_BASE_REVERSAL_D,1.2946
2026-06-11 10:00:00,long,IPUSDT,74.9,LONG_BASE_REVERSAL_D,-1.6569
2026-06-11 10:00:00,short,CYSUSDT,81.7,SHORT_CONTINUATION_D,-1.1931
2026-06-11 10:00:00,short,VELVETUSDT,61.5,SHORT_ACCELERATION_C,17.0784
2026-06-11 10:00:00,short,COLLECTUSDT,61.5,SHORT_ACCELERATION_C,-0.3564
2026-06-11 12:00:00,long,BTWUSDT,100.0,LONG_V_REVERSAL_B,-3.14
2026-06-11 12:00:00,long,WLDUSDT,81.6,LONG_BASE_REVERSAL_D,2.37
2026-06-11 12:00:00,long,THETAUSDT,65.8,LONG_BASE_REVERSAL_D,1.9455
2026-06-11 12:00:00,short,DEXEUSDT,82.9,SHORT_CONTINUATION_D,0.115
2026-06-11 12:00:00,short,AVNTUSDT,72.1,SHORT_CONTINUATION_A,-3.7963
2026-06-11 12:00:00,short,POWERUSDT,64.6,SHORT_CONTINUATION_A,-3.088
2026-06-11 14:00:00,long,BTWUSDT,100.0,LONG_V_REVERSAL_B,10.3172
2026-06-11 14:00:00,long,EVAAUSDT,100.0,LONG_BASE_REVERSAL_C,-1.5048
2026-06-11 14:00:00,long,BILLUSDT,95.9,LONG_V_REVERSAL_B,-3.0532
2026-06-11 14:00:00,short,AVNTUSDT,80.0,SHORT_CONTINUATION_D,3.3006
2026-06-11 14:00:00,short,OPNUSDT,70.9,SHORT_CONTINUATION_D,8.4396
2026-06-11 14:00:00,short,ENAUSDT,67.2,SHORT_CONTINUATION_A,2.932
2026-06-11 16:00:00,long,EVAAUSDT,100.0,LONG_CONTINUATION_A,2.3861
2026-06-11 16:00:00,long,ICNTUSDT,100.0,LONG_CONTINUATION_A,0.4301
2026-06-11 16:00:00,long,PLAYUSDT,100.0,LONG_V_REVERSAL_B,-3.9811
2026-06-11 16:00:00,short,HIVEUSDT,78.4,SHORT_CONTINUATION_A,2.6896
2026-06-11 16:00:00,short,BSBUSDT,78.1,SHORT_CONTINUATION_A,0.2653
2026-06-11 16:00:00,short,ESPORTSUSDT,63.3,SHORT_CONTINUATION_D,-1.783
2026-06-11 18:00:00,long,LITUSDT,100.0,LONG_CONTINUATION_A,-0.775
2026-06-11 18:00:00,long,SLXUSDT,98.6,LONG_CONTINUATION_A,-1.5807
2026-06-11 18:00:00,long,OPNUSDT,94.1,LONG_V_REVERSAL_D,1.0549
2026-06-11 18:00:00,short,SKYAIUSDT,69.1,SHORT_CONTINUATION_D,-4.7523
2026-06-11 18:00:00,short,ALLOUSDT,66.5,SHORT_CONTINUATION_A,0.4509
2026-06-11 18:00:00,short,POWERUSDT,65.6,SHORT_CONTINUATION_A,1.4337
2026-06-11 20:00:00,long,OPNUSDT,75.2,LONG_BASE_REVERSAL_D,2.4008
2026-06-11 20:00:00,long,LABUSDT,73.2,LONG_BASE_REVERSAL_D,17.7792
2026-06-11 20:00:00,long,CUSDT,71.5,LONG_BASE_REVERSAL_D,2.6079
2026-06-11 20:00:00,short,WLDUSDT,62.2,SHORT_CONTINUATION_A,-0.3421
2026-06-11 20:00:00,short,EPICUSDT,59.3,SHORT_ACCELERATION_C,-3.287
2026-06-11 20:00:00,short,SKYAIUSDT,58.6,SHORT_ACCELERATION_C,-3.0409
2026-06-11 22:00:00,long,ALLOUSDT,89.1,LONG_CONTINUATION_A,0.8998
2026-06-11 22:00:00,long,GWEIUSDT,88.4,LONG_V_REVERSAL_B,-0.7114
2026-06-11 22:00:00,long,GUAUSDT,87.0,LONG_BASE_REVERSAL_D,1.1171
2026-06-11 22:00:00,short,LABUSDT,82.4,SHORT_CONTINUATION_D,0.7522
2026-06-11 22:00:00,short,GUAUSDT,79.1,SHORT_CONTINUATION_A,-1.1171
2026-06-11 22:00:00,short,BSBUSDT,71.4,SHORT_CONTINUATION_D,2.856
2026-06-12 00:00:00,long,GUAUSDT,100.0,LONG_CONTINUATION_A,-2.4195
2026-06-12 00:00:00,long,OPNUSDT,88.6,LONG_BASE_REVERSAL_D,-2.2989
2026-06-12 00:00:00,long,IOUSDT,86.5,LONG_V_REVERSAL_D,-0.5999
2026-06-12 00:00:00,short,BTWUSDT,74.7,SHORT_V_REVERSAL_D,-1.4081
2026-06-12 00:00:00,short,HUSDT,73.2,SHORT_CONTINUATION_D,-2.8696
2026-06-12 00:00:00,short,OPNUSDT,70.1,SHORT_CONTINUATION_A,2.2989
2026-06-12 02:00:00,long,GUAUSDT,95.1,LONG_V_REVERSAL_B,-1.9918
2026-06-12 02:00:00,long,ICNTUSDT,81.0,LONG_BASE_REVERSAL_D,0.3714
2026-06-12 02:00:00,long,ALLOUSDT,80.5,LONG_BASE_REVERSAL_D,0.6125
2026-06-12 02:00:00,short,BTWUSDT,75.6,SHORT_V_REVERSAL_D,17.8145
2026-06-12 02:00:00,short,TAUSDT,75.5,SHORT_CONTINUATION_A,-0.2206
2026-06-12 02:00:00,short,FOLKSUSDT,73.7,SHORT_CONTINUATION_A,-0.7897
2026-06-12 04:00:00,long,GWEIUSDT,95.5,LONG_BASE_REVERSAL_D,-4.5745
2026-06-12 04:00:00,long,EDGEUSDT,80.9,LONG_BASE_REVERSAL_D,-0.1004
2026-06-12 04:00:00,long,B2USDT,79.5,LONG_BASE_REVERSAL_D,-0.0449
2026-06-12 04:00:00,short,LABUSDT,73.3,SHORT_CONTINUATION_A,-0.1678
2026-06-12 04:00:00,short,USELESSUSDT,71.7,SHORT_CONTINUATION_A,0.3667
2026-06-12 04:00:00,short,GWEIUSDT,67.6,SHORT_CONTINUATION_A,4.5745
2026-06-12 06:00:00,long,GWEIUSDT,96.2,LONG_V_REVERSAL_B,0.4631
2026-06-12 06:00:00,long,OPNUSDT,87.6,LONG_V_REVERSAL_B,-2.9915
2026-06-12 06:00:00,long,BTWUSDT,71.1,LONG_BASE_REVERSAL_A,0.5594
2026-06-12 06:00:00,short,CLOUSDT,80.1,SHORT_CONTINUATION_D,-0.333
2026-06-12 06:00:00,short,UBUSDT,64.1,SHORT_ACCELERATION_C,-7.1835
2026-06-12 06:00:00,short,XTZUSDT,62.3,SHORT_CONTINUATION_A,-0.4292
2026-06-12 08:00:00,long,EDGEUSDT,74.1,LONG_BASE_REVERSAL_D,0.729
2026-06-12 08:00:00,long,RENDERUSDT,67.8,LONG_CONTINUATION_D,-0.5474
2026-06-12 08:00:00,long,GENIUSUSDT,67.1,LONG_BASE_REVERSAL_D,6.0893
2026-06-12 08:00:00,short,AIOUSDT,75.6,SHORT_CONTINUATION_A,6.0968
2026-06-12 08:00:00,short,GUAUSDT,61.5,SHORT_CONTINUATION_A,-2.3924
2026-06-12 08:00:00,short,ESPORTSUSDT,60.4,SHORT_ACCELERATION_C,17.5793
2026-06-12 10:00:00,long,SIRENUSDT,100.0,LONG_CONTINUATION_A,-15.4628
2026-06-12 10:00:00,long,BTWUSDT,99.3,LONG_V_REVERSAL_B,-4.482
2026-06-12 10:00:00,long,OPENUSDT,74.9,LONG_CONTINUATION_D,-2.2142
2026-06-12 10:00:00,short,HIVEUSDT,69.5,SHORT_CONTINUATION_A,0.3735
2026-06-12 10:00:00,short,GENIUSUSDT,65.7,SHORT_CONTINUATION_A,2.2747
2026-06-12 10:00:00,short,IOUSDT,64.0,SHORT_CONTINUATION_A,1.1204
2026-06-12 12:00:00,long,BTWUSDT,100.0,LONG_V_REVERSAL_B,5.1722
2026-06-12 12:00:00,long,UBUSDT,88.4,LONG_V_REVERSAL_D,-0.2454
2026-06-12 12:00:00,long,MAGMAUSDT,74.7,LONG_BASE_REVERSAL_A,-11.2416
2026-06-12 12:00:00,short,KGENUSDT,72.1,SHORT_CONTINUATION_A,1.5763
2026-06-12 12:00:00,short,MAGMAUSDT,69.7,SHORT_V_REVERSAL_D,11.2416
2026-06-12 12:00:00,short,BILLUSDT,67.0,SHORT_CONTINUATION_A,0.4011
2026-06-12 14:00:00,long,MAGMAUSDT,100.0,LONG_CONTINUATION_A,-11.4794
2026-06-12 14:00:00,long,BTWUSDT,93.3,LONG_V_REVERSAL_B,-2.1492
2026-06-12 14:00:00,long,MANTAUSDT,84.6,LONG_CONTINUATION_A,-0.8921
2026-06-12 14:00:00,short,DEXEUSDT,63.0,SHORT_CONTINUATION_D,-8.9726
2026-06-12 14:00:00,short,CLOUSDT,61.6,SHORT_ACCELERATION_C,1.1727
2026-06-12 14:00:00,short,XPLUSDT,60.5,SHORT_ACCELERATION_C,2.7005
2026-06-12 16:00:00,long,BTWUSDT,100.0,LONG_V_REVERSAL_B,-5.5563
2026-06-12 16:00:00,long,OPNUSDT,100.0,LONG_V_REVERSAL_B,3.7037
2026-06-12 16:00:00,long,B2USDT,86.6,LONG_CONTINUATION_A,-0.3615
2026-06-12 16:00:00,short,OPGUSDT,63.4,SHORT_CONTINUATION_A,-1.8313
2026-06-12 16:00:00,short,DEXEUSDT,62.6,SHORT_CONTINUATION_A,3.3073
2026-06-12 16:00:00,short,XMRUSDT,62.0,SHORT_CONTINUATION_A,5.4581
2026-06-12 18:00:00,long,COLLECTUSDT,97.7,LONG_V_REVERSAL_D,-5.0305
2026-06-12 18:00:00,long,币安人生USDT,86.9,LONG_V_REVERSAL_B,-0.5551
2026-06-12 18:00:00,long,IOUSDT,85.3,LONG_V_REVERSAL_D,-1.4654
2026-06-12 18:00:00,short,LABUSDT,68.0,SHORT_CONTINUATION_A,-0.9228
2026-06-12 18:00:00,short,CLOUSDT,60.4,SHORT_ACCELERATION_C,-1.1504
2026-06-12 18:00:00,short,XPLUSDT,59.6,SHORT_ACCELERATION_C,-2.0256
2026-06-12 20:00:00,long,ZESTUSDT,100.0,LONG_CONTINUATION_A,-2.2829
2026-06-12 20:00:00,long,APRUSDT,95.7,LONG_V_REVERSAL_B,-3.1984
2026-06-12 20:00:00,long,PARTIUSDT,91.2,LONG_BASE_REVERSAL_D,-2.4407
2026-06-12 20:00:00,short,BEATUSDT,72.1,SHORT_CONTINUATION_A,-0.3327
2026-06-12 20:00:00,short,BANUSDT,63.7,SHORT_CONTINUATION_A,4.2374
2026-06-12 20:00:00,short,STGUSDT,63.6,SHORT_CONTINUATION_A,3.2125
2026-06-12 22:00:00,long,DUSKUSDT,82.3,LONG_BASE_REVERSAL_D,-0.8581
2026-06-12 22:00:00,long,MYXUSDT,67.2,LONG_BASE_REVERSAL_D,-7.4229
2026-06-12 22:00:00,long,BTWUSDT,65.3,LONG_BASE_REVERSAL_D,0.8134
2026-06-12 22:00:00,short,BTWUSDT,74.5,SHORT_CONTINUATION_A,-0.8134
2026-06-12 22:00:00,short,DUSKUSDT,64.8,SHORT_CONTINUATION_A,0.8581
2026-06-12 22:00:00,short,MOVRUSDT,59.8,SHORT_ACCELERATION_C,-0.6983
2026-06-13 00:00:00,long,BTWUSDT,100.0,LONG_BASE_REVERSAL_D,4.9042
2026-06-13 00:00:00,long,BANUSDT,100.0,LONG_V_REVERSAL_D,1.5728
2026-06-13 00:00:00,long,OPNUSDT,100.0,LONG_V_REVERSAL_B,-1.7857
2026-06-13 00:00:00,short,LUMIAUSDT,69.6,SHORT_CONTINUATION_A,1.2103
2026-06-13 00:00:00,short,DEXEUSDT,62.3,SHORT_CONTINUATION_A,3.693
2026-06-13 00:00:00,short,PIEVERSEUSDT,60.4,SHORT_ACCELERATION_C,0.0601
2026-06-13 02:00:00,long,BANUSDT,79.6,LONG_BASE_REVERSAL_D,0.6642
2026-06-13 02:00:00,long,BUSDT,77.0,LONG_BASE_REVERSAL_D,-2.7846
2026-06-13 02:00:00,long,2ZUSDT,73.0,LONG_BASE_REVERSAL_D,-3.1206
2026-06-13 02:00:00,short,BEATUSDT,81.2,SHORT_CONTINUATION_D,16.7511
2026-06-13 02:00:00,short,AINUSDT,78.4,SHORT_CONTINUATION_D,2.1313
2026-06-13 02:00:00,short,LABUSDT,66.5,SHORT_CONTINUATION_A,0.549
2026-06-13 04:00:00,long,BTWUSDT,95.9,LONG_BASE_REVERSAL_D,-7.3084
2026-06-13 04:00:00,long,ONUSDT,90.4,LONG_CONTINUATION_A,-1.7406
2026-06-13 04:00:00,long,ENSOUSDT,71.0,LONG_CONTINUATION_D,0.4057
2026-06-13 04:00:00,short,HEIUSDT,74.4,SHORT_CONTINUATION_A,0.1282
2026-06-13 04:00:00,short,BTWUSDT,74.2,SHORT_CONTINUATION_A,7.3084
2026-06-13 04:00:00,short,ALLOUSDT,68.8,SHORT_CONTINUATION_A,1.0057
2026-06-13 06:00:00,long,POWERUSDT,100.0,LONG_V_REVERSAL_B,0.1742
2026-06-13 06:00:00,long,OPNUSDT,87.2,LONG_BASE_REVERSAL_D,0.9335
2026-06-13 06:00:00,long,BILLUSDT,64.2,LONG_CONTINUATION_D,-1.3278
2026-06-13 06:00:00,short,HUSDT,62.4,SHORT_CONTINUATION_A,-1.2762
2026-06-13 06:00:00,short,ATUSDT,61.6,SHORT_ACCELERATION_C,-1.0794
2026-06-13 06:00:00,short,PIEVERSEUSDT,61.0,SHORT_ACCELERATION_C,1.4949
2026-06-13 08:00:00,long,BTWUSDT,100.0,LONG_CONTINUATION_A,0.5428
2026-06-13 08:00:00,long,GUAUSDT,70.8,LONG_CONTINUATION_D,0.5528
2026-06-13 08:00:00,long,INUSDT,68.5,LONG_BASE_REVERSAL_D,6.6521
2026-06-13 08:00:00,short,EDGEUSDT,69.2,SHORT_CONTINUATION_A,-0.0973
2026-06-13 08:00:00,short,ORCAUSDT,66.2,SHORT_CONTINUATION_A,0.9685
2026-06-13 08:00:00,short,AINUSDT,58.2,SHORT_ACCELERATION_C,2.1011
2026-06-13 10:00:00,long,FORMUSDT,80.3,LONG_BASE_REVERSAL_D,0.2182
2026-06-13 10:00:00,long,JELLYJELLYUSDT,73.9,LONG_CONTINUATION_C,0.9877
2026-06-13 10:00:00,long,BILLUSDT,67.0,LONG_CONTINUATION_D,-0.2962
2026-06-13 10:00:00,short,INUSDT,69.7,SHORT_CONTINUATION_D,2.9652
2026-06-13 10:00:00,short,HEIUSDT,59.9,SHORT_CONTINUATION_A,1.4261
2026-06-13 10:00:00,short,ATUSDT,58.7,SHORT_ACCELERATION_C,-2.5641
2026-06-13 12:00:00,long,ORCAUSDT,60.0,LONG_CONTINUATION_D,-1.2616
2026-06-13 12:00:00,long,MELANIAUSDT,57.1,LONG_CONTINUATION_D,-2.26
2026-06-13 12:00:00,short,MELANIAUSDT,62.8,SHORT_CONTINUATION_A,2.26
2026-06-13 12:00:00,short,ORCAUSDT,53.8,SHORT_ACCELERATION_C,1.2616
2026-06-13 14:00:00,long,OPNUSDT,100.0,LONG_V_REVERSAL_B,0.2364
2026-06-13 14:00:00,long,INUSDT,86.3,LONG_ACCELERATION_A,1.0904
2026-06-13 14:00:00,long,BEATUSDT,75.8,LONG_BASE_REVERSAL_D,2.4174
2026-06-13 14:00:00,short,EPICUSDT,77.5,SHORT_CONTINUATION_D,-8.155
2026-06-13 14:00:00,short,HEIUSDT,71.4,SHORT_CONTINUATION_A,5.2806
2026-06-13 14:00:00,short,PARTIUSDT,64.8,SHORT_CONTINUATION_A,-0.9699
2026-06-13 16:00:00,long,MAGMAUSDT,100.0,LONG_BASE_REVERSAL_C,-0.362
2026-06-13 16:00:00,long,COWUSDT,71.3,LONG_BASE_REVERSAL_D,0.8997
2026-06-13 16:00:00,long,OPENUSDT,70.9,LONG_BASE_REVERSAL_D,8.3183
2026-06-13 16:00:00,short,MEUSDT,59.8,SHORT_CONTINUATION_D,-3.5606
2026-06-13 16:00:00,short,GUAUSDT,59.1,SHORT_ACCELERATION_C,2.3408
2026-06-13 16:00:00,short,OPENUSDT,54.5,SHORT_V_REVERSAL_B,-8.3183
2026-06-13 18:00:00,long,FFUSDT,90.7,LONG_BASE_REVERSAL_D,-0.4721
2026-06-13 18:00:00,long,FOLKSUSDT,75.2,LONG_BASE_REVERSAL_D,3.3898
2026-06-13 18:00:00,long,CYSUSDT,68.5,LONG_BASE_REVERSAL_D,1.0677
2026-06-13 18:00:00,short,MEUSDT,76.0,SHORT_CONTINUATION_A,2.8673
2026-06-13 18:00:00,short,OPUSDT,53.7,SHORT_ACCELERATION_C,-0.1873
2026-06-13 18:00:00,short,FFUSDT,53.2,SHORT_ACCELERATION_B,0.4721
2026-06-13 20:00:00,long,AIAUSDT,100.0,LONG_V_REVERSAL_B,-1.1343
2026-06-13 20:00:00,long,ALLOUSDT,92.8,LONG_V_REVERSAL_B,-1.6342
2026-06-13 20:00:00,long,BTWUSDT,81.7,LONG_BASE_REVERSAL_A,-1.1248
2026-06-13 20:00:00,short,BEATUSDT,70.9,SHORT_CONTINUATION_A,6.3598
2026-06-13 20:00:00,short,OPUSDT,66.4,SHORT_CONTINUATION_A,-1.1215
2026-06-13 20:00:00,short,BTWUSDT,60.3,SHORT_ACCELERATION_B,1.1248
2026-06-13 22:00:00,long,HEIUSDT,92.1,LONG_V_REVERSAL_B,-3.9879
2026-06-13 22:00:00,long,APRUSDT,90.0,LONG_CONTINUATION_A,-1.3179
2026-06-13 22:00:00,long,AINUSDT,79.0,LONG_BASE_REVERSAL_D,0.6435
2026-06-13 22:00:00,short,HEIUSDT,67.9,SHORT_CONTINUATION_A,3.9879
2026-06-13 22:00:00,short,GWEIUSDT,65.7,SHORT_ACCELERATION_B,4.3111
2026-06-13 22:00:00,short,GUAUSDT,60.6,SHORT_CONTINUATION_A,0.2502
2026-06-14 00:00:00,long,AINUSDT,100.0,LONG_V_REVERSAL_B,-2.018
2026-06-14 00:00:00,long,AIOUSDT,94.4,LONG_CONTINUATION_A,0.4385
2026-06-14 00:00:00,long,KITEUSDT,72.2,LONG_CONTINUATION_C,0.4594
2026-06-14 00:00:00,short,AIOUSDT,62.4,SHORT_ACCELERATION_B,-0.4385
2026-06-14 00:00:00,short,AIOTUSDT,61.8,SHORT_ACCELERATION_C,-1.9874
2026-06-14 00:00:00,short,AINUSDT,59.3,SHORT_CONTINUATION_A,2.018
2026-06-14 02:00:00,long,AINUSDT,100.0,LONG_V_REVERSAL_B,1.5601
2026-06-14 02:00:00,long,JTOUSDT,81.5,LONG_BASE_REVERSAL_D,-0.5732
2026-06-14 02:00:00,long,HYPEUSDT,79.6,LONG_BASE_REVERSAL_D,-0.4639
2026-06-14 02:00:00,short,HUSDT,66.0,SHORT_ACCELERATION_C,-3.7545
2026-06-14 02:00:00,short,AIOUSDT,62.0,SHORT_CONTINUATION_A,-2.3364
2026-06-14 02:00:00,short,NEARUSDT,61.3,SHORT_CONTINUATION_A,1.396
2026-06-14 04:00:00,long,ALPINEUSDT,76.1,LONG_BASE_REVERSAL_D,0.6604
2026-06-14 04:00:00,long,ICNTUSDT,70.2,LONG_BASE_REVERSAL_D,-3.2547
2026-06-14 04:00:00,long,OPGUSDT,59.0,LONG_CONTINUATION_D,0.813
2026-06-14 04:00:00,short,AIAUSDT,67.1,SHORT_CONTINUATION_A,2.3347
2026-06-14 04:00:00,short,ATUSDT,62.7,SHORT_CONTINUATION_A,3.5368
2026-06-14 04:00:00,short,LIGHTUSDT,62.5,SHORT_ACCELERATION_C,2.2901
2026-06-14 06:00:00,long,ATUSDT,91.6,LONG_BASE_REVERSAL_D,-3.8102
2026-06-14 06:00:00,long,AINUSDT,72.6,LONG_BASE_REVERSAL_D,3.1195
2026-06-14 06:00:00,long,BSBUSDT,71.8,LONG_BASE_REVERSAL_D,-2.0534
2026-06-14 06:00:00,short,ATUSDT,62.1,SHORT_ACCELERATION_B,3.8102
2026-06-14 06:00:00,short,AINUSDT,61.6,SHORT_CONTINUATION_A,-3.1195
2026-06-14 06:00:00,short,COAIUSDT,61.5,SHORT_ACCELERATION_C,26.8752
2026-06-14 08:00:00,long,MAGMAUSDT,72.7,LONG_BASE_REVERSAL_D,1.9028
2026-06-14 08:00:00,long,CUSDT,72.5,LONG_BASE_REVERSAL_A,-2.2739
2026-06-14 08:00:00,long,PRLUSDT,69.8,LONG_BASE_REVERSAL_D,1.1917
2026-06-14 08:00:00,short,COAIUSDT,73.2,SHORT_V_REVERSAL_D,12.7688
2026-06-14 08:00:00,short,KAITOUSDT,60.0,SHORT_ACCELERATION_C,3.725
2026-06-14 08:00:00,short,BILLUSDT,59.3,SHORT_ACCELERATION_A,1.4126
2026-06-14 10:00:00,long,BEATUSDT,100.0,LONG_V_REVERSAL_B,-6.4149
2026-06-14 10:00:00,long,ALLOUSDT,90.3,LONG_BASE_REVERSAL_C,1.0166
2026-06-14 10:00:00,long,BASEDUSDT,85.8,LONG_BASE_REVERSAL_C,-1.4392
2026-06-14 10:00:00,short,OPGUSDT,58.8,SHORT_ACCELERATION_C,0.2231
2026-06-14 10:00:00,short,LAUSDT,55.4,SHORT_V_REVERSAL_B,-2.1906
2026-06-14 10:00:00,short,GUAUSDT,55.3,SHORT_V_REVERSAL_B,0.1311
2026-06-14 12:00:00,long,BRUSDT,97.5,LONG_CONTINUATION_A,-0.9515
2026-06-14 12:00:00,long,ALLOUSDT,85.6,LONG_BASE_REVERSAL_A,-2.2305
2026-06-14 12:00:00,long,RAVEUSDT,83.3,LONG_V_REVERSAL_B,0.2235
2026-06-14 12:00:00,short,BILLUSDT,66.1,SHORT_CONTINUATION_A,1.2749
2026-06-14 12:00:00,short,ALLOUSDT,64.0,SHORT_CONTINUATION_B,2.2305
2026-06-14 12:00:00,short,AKTUSDT,59.3,SHORT_ACCELERATION_C,3.1582
2026-06-14 14:00:00,long,GWEIUSDT,100.0,LONG_V_REVERSAL_B,-1.2399
2026-06-14 14:00:00,long,ARCUSDT,92.8,LONG_CONTINUATION_A,-6.0826
2026-06-14 14:00:00,long,DEXEUSDT,82.9,LONG_BASE_REVERSAL_A,1.0022
2026-06-14 14:00:00,short,DEXEUSDT,64.3,SHORT_V_REVERSAL_D,-1.0022
2026-06-14 14:00:00,short,BTWUSDT,60.8,SHORT_ACCELERATION_C,8.2942
2026-06-14 14:00:00,short,EIGENUSDT,56.6,SHORT_ACCELERATION_C,-0.1522
2026-06-14 16:00:00,long,ATUSDT,100.0,LONG_BASE_REVERSAL_C,2.5411
2026-06-14 16:00:00,long,RAVEUSDT,94.1,LONG_CONTINUATION_A,-5.4341
2026-06-14 16:00:00,long,FFUSDT,93.5,LONG_V_REVERSAL_B,-4.8724
2026-06-14 16:00:00,short,AIOUSDT,74.5,SHORT_CONTINUATION_A,1.0835
2026-06-14 16:00:00,short,CLOUSDT,70.6,SHORT_CONTINUATION_D,-1.0645
2026-06-14 16:00:00,short,AIAUSDT,62.2,SHORT_CONTINUATION_A,-0.1874
2026-06-14 18:00:00,long,MYXUSDT,100.0,LONG_CONTINUATION_A,-1.7331
2026-06-14 18:00:00,long,GWEIUSDT,96.0,LONG_BASE_REVERSAL_C,-0.211
2026-06-14 18:00:00,long,APRUSDT,85.9,LONG_CONTINUATION_A,0.8696
2026-06-14 18:00:00,short,MELANIAUSDT,84.6,SHORT_CONTINUATION_D,2.4248
2026-06-14 18:00:00,short,MMTUSDT,68.9,SHORT_CONTINUATION_A,2.5326
2026-06-14 18:00:00,short,PARTIUSDT,66.3,SHORT_CONTINUATION_A,0.5278
2026-06-14 20:00:00,long,AIOUSDT,79.1,LONG_BASE_REVERSAL_A,-6.9515
2026-06-14 20:00:00,long,OPNUSDT,74.7,LONG_CONTINUATION_C,-0.7463
2026-06-14 20:00:00,long,INUSDT,65.4,LONG_BASE_REVERSAL_D,1.287
2026-06-14 20:00:00,short,AIOTUSDT,70.8,SHORT_CONTINUATION_D,-0.1868
2026-06-14 20:00:00,short,BILLUSDT,65.4,SHORT_CONTINUATION_A,2.0964
2026-06-14 20:00:00,short,BTWUSDT,64.2,SHORT_CONTINUATION_A,0.3786
2026-06-14 22:00:00,long,CUSDT,100.0,LONG_V_REVERSAL_B,-2.3109
2026-06-14 22:00:00,long,OPNUSDT,100.0,LONG_CONTINUATION_A,-3.3877
2026-06-14 22:00:00,long,ESPUSDT,99.8,LONG_BASE_REVERSAL_D,-2.6901
2026-06-14 22:00:00,short,INUSDT,69.4,SHORT_CONTINUATION_A,1.8663
2026-06-14 22:00:00,short,OPENUSDT,66.0,SHORT_CONTINUATION_A,3.1097
2026-06-14 22:00:00,short,BILLUSDT,65.9,SHORT_CONTINUATION_A,2.4604
2026-06-15 00:00:00,long,ATOMUSDT,74.9,LONG_BASE_REVERSAL_D,0.9259
2026-06-15 00:00:00,long,ALICEUSDT,74.9,LONG_BASE_REVERSAL_D,-1.9481
2026-06-15 00:00:00,long,ALLOUSDT,68.2,LONG_BASE_REVERSAL_D,-3.0849
2026-06-15 00:00:00,short,BREVUSDT,71.9,SHORT_CONTINUATION_A,0.2781
2026-06-15 00:00:00,short,CROSSUSDT,68.7,SHORT_CONTINUATION_D,0.386
2026-06-15 00:00:00,short,ATUSDT,67.6,SHORT_CONTINUATION_D,1.7639
2026-06-15 02:00:00,long,ALLOUSDT,70.2,LONG_BASE_REVERSAL_D,1.706
2026-06-15 02:00:00,long,BANUSDT,63.6,LONG_CONTINUATION_D,0.0919
2026-06-15 02:00:00,long,ASRUSDT,60.2,LONG_BASE_REVERSAL_D,-1.168
2026-06-15 02:00:00,short,CUSDT,82.4,SHORT_CONTINUATION_D,-3.1141
2026-06-15 02:00:00,short,ONUSDT,77.1,SHORT_CONTINUATION_A,-1.234
2026-06-15 02:00:00,short,BSBUSDT,61.4,SHORT_ACCELERATION_C,0.2109
2026-06-15 04:00:00,long,MYXUSDT,91.1,LONG_V_REVERSAL_B,-0.5202
2026-06-15 04:00:00,long,AIOTUSDT,89.6,LONG_V_REVERSAL_D,-5.71
2026-06-15 04:00:00,long,OPNUSDT,83.7,LONG_V_REVERSAL_B,0.5141
2026-06-15 04:00:00,short,ASRUSDT,72.7,SHORT_CONTINUATION_A,3.0881
2026-06-15 04:00:00,short,BSBUSDT,71.1,SHORT_CONTINUATION_A,2.7768
2026-06-15 04:00:00,short,MYXUSDT,68.2,SHORT_CONTINUATION_A,0.5202
2026-06-15 06:00:00,long,INUSDT,71.9,LONG_BASE_REVERSAL_D,3.8254
2026-06-15 06:00:00,long,GIGGLEUSDT,66.8,LONG_BASE_REVERSAL_D,2.1639
2026-06-15 06:00:00,long,PENDLEUSDT,66.0,LONG_BASE_REVERSAL_D,4.4789
2026-06-15 06:00:00,short,EVAAUSDT,60.0,SHORT_ACCELERATION_C,8.0139
2026-06-15 06:00:00,short,GENIUSUSDT,54.7,SHORT_V_REVERSAL_B,-1.688
2026-06-15 06:00:00,short,JELLYJELLYUSDT,54.6,SHORT_ACCELERATION_C,-4.598
2026-06-15 08:00:00,long,OPNUSDT,73.5,LONG_BASE_REVERSAL_D,1.0976
2026-06-15 08:00:00,long,ICPUSDT,71.0,LONG_BASE_REVERSAL_D,1.246
2026-06-15 08:00:00,long,BASEDUSDT,61.6,LONG_CONTINUATION_D,0.1372
2026-06-15 08:00:00,short,LABUSDT,77.8,SHORT_CONTINUATION_D,2.4907
2026-06-15 08:00:00,short,OPGUSDT,61.2,SHORT_ACCELERATION_C,1.8295
2026-06-15 08:00:00,short,LITUSDT,60.3,SHORT_ACCELERATION_C,-0.2848
2026-06-15 10:00:00,long,AIOUSDT,100.0,LONG_V_REVERSAL_B,4.3869
2026-06-15 10:00:00,long,AINUSDT,100.0,LONG_V_REVERSAL_B,3.5974
2026-06-15 10:00:00,long,EDGEUSDT,98.2,LONG_CONTINUATION_A,-0.0794
2026-06-15 10:00:00,short,MIRAUSDT,67.4,SHORT_V_REVERSAL_D,2.6547
2026-06-15 10:00:00,short,EDGEUSDT,63.7,SHORT_CONTINUATION_A,0.0794
2026-06-15 10:00:00,short,ADAUSDT,63.0,SHORT_ACCELERATION_C,1.6393
2026-06-15 12:00:00,long,BEATUSDT,100.0,LONG_BASE_REVERSAL_C,2.6506
2026-06-15 12:00:00,long,AIOUSDT,91.3,LONG_BASE_REVERSAL_C,0.0993
2026-06-15 12:00:00,long,HEIUSDT,76.7,LONG_CONTINUATION_D,-2.558
2026-06-15 12:00:00,short,LABUSDT,79.7,SHORT_CONTINUATION_A,1.0652
2026-06-15 12:00:00,short,OPGUSDT,70.0,SHORT_V_REVERSAL_D,6.3149
2026-06-15 12:00:00,short,KERNELUSDT,66.1,SHORT_CONTINUATION_A,0.7108
2026-06-15 14:00:00,long,AINUSDT,100.0,LONG_V_REVERSAL_B,-5.0748
2026-06-15 14:00:00,long,AIOUSDT,97.6,LONG_BASE_REVERSAL_C,2.7313
2026-06-15 14:00:00,long,BEATUSDT,83.3,LONG_BASE_REVERSAL_D,-3.3458
2026-06-15 14:00:00,short,EVAAUSDT,61.5,SHORT_ACCELERATION_C,10.5424
2026-06-15 14:00:00,short,CLOUSDT,61.3,SHORT_ACCELERATION_C,-3.8555
2026-06-15 14:00:00,short,AIOTUSDT,60.5,SHORT_CONTINUATION_B,1.433
2026-06-15 16:00:00,long,GWEIUSDT,100.0,LONG_CONTINUATION_A,-11.1152
2026-06-15 16:00:00,long,BEATUSDT,100.0,LONG_CONTINUATION_A,-17.0669
2026-06-15 16:00:00,long,PARTIUSDT,79.7,LONG_BASE_REVERSAL_D,2.9317
2026-06-15 16:00:00,short,JTOUSDT,59.9,SHORT_ACCELERATION_C,-1.0164
2026-06-15 16:00:00,short,GRASSUSDT,57.7,SHORT_ACCELERATION_C,-0.6777
2026-06-15 16:00:00,short,CLOUSDT,57.2,SHORT_ACCELERATION_C,4.8628
2026-06-15 18:00:00,long,AIOUSDT,92.6,LONG_BASE_REVERSAL_D,-5.0673
2026-06-15 18:00:00,long,PRLUSDT,80.4,LONG_BASE_REVERSAL_D,0.6227
2026-06-15 18:00:00,long,KGENUSDT,76.4,LONG_CONTINUATION_C,0.1747
2026-06-15 18:00:00,short,DEXEUSDT,60.0,SHORT_ACCELERATION_C,-0.1587
2026-06-15 18:00:00,short,IOUSDT,59.8,SHORT_ACCELERATION_C,1.7205
2026-06-15 18:00:00,short,EVAAUSDT,59.1,SHORT_ACCELERATION_C,-0.8276
2026-06-15 20:00:00,long,AINUSDT,100.0,LONG_BASE_REVERSAL_C,1.7179
2026-06-15 20:00:00,long,AIOUSDT,100.0,LONG_CONTINUATION_A,-4.3942
2026-06-15 20:00:00,long,HUSDT,71.1,LONG_BASE_REVERSAL_D,-21.0395
2026-06-15 20:00:00,short,HUSDT,62.9,SHORT_ACCELERATION_B,21.0395
2026-06-15 20:00:00,short,AAVEUSDT,61.1,SHORT_TOP_REVERSAL_B,0.2698
2026-06-15 20:00:00,short,AINUSDT,60.0,SHORT_CONTINUATION_A,-1.7179
2026-06-15 22:00:00,long,BTWUSDT,100.0,LONG_CONTINUATION_A,-4.2305
2026-06-15 22:00:00,long,ARCUSDT,89.1,LONG_BASE_REVERSAL_C,-1.6923
2026-06-15 22:00:00,long,EPICUSDT,86.7,LONG_V_REVERSAL_B,-0.5992
2026-06-15 22:00:00,short,CROSSUSDT,73.0,SHORT_CONTINUATION_A,2.0695
2026-06-15 22:00:00,short,ALLOUSDT,58.1,SHORT_V_REVERSAL_B,-0.4902
2026-06-15 22:00:00,short,BASEDUSDT,57.9,SHORT_V_REVERSAL_B,-1.7315
