seq_len,model,feature_count,trade_count,scan_count,avg_return_2h,top2_avg_return_2h,top5_avg_return_2h,win_rate,precision_top3,recall_top3_proxy,sharpe,sortino,mdd,coverage_pct,return_per_trade,return_per_scan,rank_ndcg5,rank_map,rank_p1,rank_p2,rank_p5,rank_r5,rank_mrr,rank_hit_top3,split,split_type,fold_id
3,catboost_ranker,310,272,55,4.5702,7.5561,4.5702,52.57,59.56,52.57,8.593,21.804,-37.3322,100.0,4.5702,22.6016,0.9588,0.3996,1.0,0.9909,0.5891,0.9879,1.0,1.0,blind_temporal,,
3,catboost_ranker,,272,55,4.5702,7.5561,4.5702,52.57,59.56,52.57,8.593,21.804,-37.3322,100.0,4.5702,22.6016,0.9588,0.3996,1.0,0.9909,0.5891,0.9879,1.0,1.0,,monthly,2026-06
3,catboost_ranker,,35,7,7.79,12.1278,7.79,68.57,57.14,68.57,4.8681,15.784,-17.0784,100.0,7.79,38.9502,0.8775,0.3164,1.0,1.0,0.5714,0.9524,1.0,1.0,,weekly,2026-06-11
3,catboost_ranker,,60,12,7.4236,12.126,7.4236,68.33,60.0,68.33,6.1017,36.1104,-9.9589,100.0,7.4236,37.1182,0.9896,0.3196,1.0,1.0,0.6,1.0,1.0,1.0,,weekly,2026-06-12
3,catboost_ranker,,57,12,3.069,4.127,3.069,40.35,61.4,40.35,4.0379,16.7525,-7.6208,100.0,3.069,14.5776,0.9554,0.501,1.0,1.0,0.5833,1.0,1.0,1.0,,weekly,2026-06-13
3,catboost_ranker,,60,12,2.2068,4.7051,2.2068,50.0,58.33,50.0,2.1158,3.2929,-37.3322,100.0,2.2068,11.0342,0.9702,0.4314,1.0,0.9583,0.5833,0.9722,1.0,1.0,,weekly,2026-06-14
3,catboost_ranker,,60,12,3.6279,6.5997,3.6279,41.67,60.0,41.67,2.9901,6.9796,-28.0307,100.0,3.6279,18.1396,0.9674,0.3947,1.0,1.0,0.6,1.0,1.0,1.0,,weekly,2026-06-15
3,lightgbm_ranker,310,272,55,4.4722,7.7798,4.4722,50.37,59.56,50.37,8.2997,20.9436,-36.1746,100.0,4.4722,22.1172,0.9624,0.3996,1.0,0.9909,0.5891,0.9879,1.0,1.0,blind_temporal,,
3,lightgbm_ranker,,272,55,4.4722,7.7798,4.4722,50.37,59.56,50.37,8.2997,20.9436,-36.1746,100.0,4.4722,22.1172,0.9624,0.3996,1.0,0.9909,0.5891,0.9879,1.0,1.0,,monthly,2026-06
3,lightgbm_ranker,,35,7,8.2362,11.6158,8.2362,71.43,60.0,71.43,5.0974,16.688,-17.0784,100.0,8.2362,41.181,0.9105,0.3164,1.0,0.9286,0.6,1.0,1.0,1.0,,weekly,2026-06-11
3,lightgbm_ranker,,60,12,7.385,12.126,7.385,65.0,60.0,65.0,6.0543,35.9224,-9.9589,100.0,7.385,36.925,0.9919,0.3196,1.0,1.0,0.6,1.0,1.0,1.0,,weekly,2026-06-12
3,lightgbm_ranker,,57,12,2.3691,4.2012,2.3691,35.09,59.65,35.09,2.9142,8.5393,-10.3206,100.0,2.3691,11.2534,0.9433,0.501,1.0,1.0,0.5667,0.9722,1.0,1.0,,weekly,2026-06-13
3,lightgbm_ranker,,60,12,2.2001,5.9548,2.2001,48.33,58.33,48.33,2.114,3.2841,-36.1746,100.0,2.2001,11.0005,0.9765,0.4314,1.0,1.0,0.5833,0.9722,1.0,1.0,,weekly,2026-06-14
3,lightgbm_ranker,,60,12,3.6339,6.5997,3.6339,40.0,60.0,40.0,3.0031,6.9742,-28.0307,100.0,3.6339,18.1693,0.9682,0.3947,1.0,1.0,0.6,1.0,1.0,1.0,,weekly,2026-06-15
3,xgboost_ranker,310,272,55,4.4989,7.7322,4.4989,52.21,58.82,52.21,8.5086,22.8297,-37.3768,100.0,4.4989,22.2491,0.954,0.3996,1.0,0.9818,0.5818,0.9758,1.0,1.0,blind_temporal,,
3,xgboost_ranker,,272,55,4.4989,7.7322,4.4989,52.21,58.82,52.21,8.5086,22.8297,-37.3768,100.0,4.4989,22.2491,0.954,0.3996,1.0,0.9818,0.5818,0.9758,1.0,1.0,,monthly,2026-06
3,xgboost_ranker,,35,7,7.7772,11.6158,7.7772,68.57,57.14,68.57,4.8561,15.7579,-17.0784,100.0,7.7772,38.8858,0.8726,0.3164,1.0,0.9286,0.5714,0.9524,1.0,1.0,,weekly,2026-06-11
3,xgboost_ranker,,60,12,7.3589,12.0627,7.3589,66.67,60.0,66.67,6.0302,35.7953,-9.9589,100.0,7.3589,36.7943,0.9903,0.3196,1.0,0.9583,0.6,1.0,1.0,1.0,,weekly,2026-06-12
3,xgboost_ranker,,57,12,2.8627,4.3902,2.8627,43.86,57.89,43.86,3.5884,11.3849,-10.3206,100.0,2.8627,13.598,0.9406,0.501,1.0,1.0,0.55,0.9444,1.0,1.0,,weekly,2026-06-13
3,xgboost_ranker,,60,12,2.5001,5.6108,2.5001,48.33,58.33,48.33,2.6445,4.5691,-37.3768,100.0,2.5001,12.5007,0.9713,0.4314,1.0,1.0,0.5833,0.9722,1.0,1.0,,weekly,2026-06-14
3,xgboost_ranker,,60,12,3.2798,6.5997,3.2798,40.0,60.0,40.0,2.6422,6.0501,-35.3374,100.0,3.2798,16.3988,0.9611,0.3947,1.0,1.0,0.6,1.0,1.0,1.0,,weekly,2026-06-15
6,catboost_ranker,310,272,55,4.6215,7.5327,4.6215,52.21,59.19,52.21,8.8497,23.9957,-37.2043,100.0,4.6215,22.8556,0.9574,0.3996,1.0,0.9727,0.5855,0.9818,1.0,1.0,blind_temporal,,
6,catboost_ranker,,272,55,4.6215,7.5327,4.6215,52.21,59.19,52.21,8.8497,23.9957,-37.2043,100.0,4.6215,22.8556,0.9574,0.3996,1.0,0.9727,0.5855,0.9818,1.0,1.0,,monthly,2026-06
6,catboost_ranker,,35,7,7.8326,11.6158,7.8326,68.57,57.14,68.57,4.9133,15.8578,-17.0784,100.0,7.8326,39.1628,0.8695,0.3164,1.0,0.9286,0.5714,0.9524,1.0,1.0,,weekly,2026-06-11
6,catboost_ranker,,60,12,7.374,12.0627,7.374,66.67,60.0,66.67,6.0444,35.8691,-9.9589,100.0,7.374,36.8702,0.9897,0.3196,1.0,0.9583,0.6,1.0,1.0,1.0,,weekly,2026-06-12
6,catboost_ranker,,57,12,2.7716,4.2012,2.7716,40.35,57.89,40.35,3.5232,11.0706,-10.3206,100.0,2.7716,13.1652,0.9397,0.501,1.0,1.0,0.55,0.9444,1.0,1.0,,weekly,2026-06-13
6,catboost_ranker,,60,12,2.6197,4.7051,2.6197,48.33,60.0,48.33,2.8055,4.8336,-37.2043,100.0,2.6197,13.0985,0.9822,0.4314,1.0,0.9583,0.6,1.0,1.0,1.0,,weekly,2026-06-14
6,catboost_ranker,,60,12,3.7552,6.7799,3.7552,43.33,60.0,43.33,3.1066,7.212,-28.0307,100.0,3.7552,18.7762,0.9692,0.3947,1.0,1.0,0.6,1.0,1.0,1.0,,weekly,2026-06-15
6,lightgbm_ranker,310,272,55,4.4794,7.7637,4.4794,51.1,58.82,51.1,8.4351,21.9415,-37.0473,100.0,4.4794,22.1527,0.957,0.3996,1.0,0.9909,0.5818,0.9758,1.0,1.0,blind_temporal,,
6,lightgbm_ranker,,272,55,4.4794,7.7637,4.4794,51.1,58.82,51.1,8.4351,21.9415,-37.0473,100.0,4.4794,22.1527,0.957,0.3996,1.0,0.9909,0.5818,0.9758,1.0,1.0,,monthly,2026-06
6,lightgbm_ranker,,35,7,7.6677,11.6158,7.6677,65.71,57.14,65.71,4.7595,15.5361,-17.0784,100.0,7.6677,38.3383,0.8707,0.3164,1.0,0.9286,0.5714,0.9524,1.0,1.0,,weekly,2026-06-11
6,lightgbm_ranker,,60,12,7.3721,12.126,7.3721,66.67,60.0,66.67,6.042,35.8598,-9.9589,100.0,7.3721,36.8606,0.9904,0.3196,1.0,1.0,0.6,1.0,1.0,1.0,,weekly,2026-06-12
6,lightgbm_ranker,,57,12,2.7899,4.127,2.7899,40.35,59.65,40.35,3.6156,13.3399,-8.092,100.0,2.7899,13.2522,0.9456,0.501,1.0,1.0,0.5667,0.9722,1.0,1.0,,weekly,2026-06-13
6,lightgbm_ranker,,60,12,2.7733,5.9548,2.7733,50.0,58.33,50.0,2.9617,5.1161,-37.0473,100.0,2.7733,13.8663,0.979,0.4314,1.0,1.0,0.5833,0.9722,1.0,1.0,,weekly,2026-06-14
6,lightgbm_ranker,,60,12,3.038,6.5997,3.038,38.33,58.33,38.33,2.3702,4.9739,-28.0307,100.0,3.038,15.1902,0.9634,0.3947,1.0,1.0,0.5833,0.9722,1.0,1.0,,weekly,2026-06-15
6,xgboost_ranker,310,272,55,4.4004,7.6493,4.4004,51.1,58.09,51.1,8.2303,21.2179,-35.8452,100.0,4.4004,21.7619,0.9496,0.3996,1.0,0.9636,0.5745,0.9636,1.0,1.0,blind_temporal,,
6,xgboost_ranker,,272,55,4.4004,7.6493,4.4004,51.1,58.09,51.1,8.2303,21.2179,-35.8452,100.0,4.4004,21.7619,0.9496,0.3996,1.0,0.9636,0.5745,0.9636,1.0,1.0,,monthly,2026-06
6,xgboost_ranker,,35,7,7.6981,11.6158,7.6981,65.71,57.14,65.71,4.799,15.5855,-17.0784,100.0,7.6981,38.4905,0.8662,0.3164,1.0,0.9286,0.5714,0.9524,1.0,1.0,,weekly,2026-06-11
6,xgboost_ranker,,60,12,7.3492,12.0627,7.3492,65.0,60.0,65.0,6.0124,35.7627,-9.9589,100.0,7.3492,36.746,0.9859,0.3196,1.0,0.9583,0.6,1.0,1.0,1.0,,weekly,2026-06-12
6,xgboost_ranker,,57,12,2.6162,4.127,2.6162,40.35,56.14,40.35,3.3246,11.9588,-9.6311,100.0,2.6162,12.4269,0.9291,0.501,1.0,1.0,0.5333,0.9167,1.0,1.0,,weekly,2026-06-13
6,xgboost_ranker,,60,12,2.4746,5.7393,2.4746,50.0,56.67,50.0,2.5807,4.4041,-35.8452,100.0,2.4746,12.373,0.9709,0.4314,1.0,0.9583,0.5667,0.9444,1.0,1.0,,weekly,2026-06-14
6,xgboost_ranker,,60,12,3.1487,6.3544,3.1487,40.0,60.0,40.0,2.4605,5.1507,-28.0307,100.0,3.1487,15.7435,0.9611,0.3947,1.0,0.9583,0.6,1.0,1.0,1.0,,weekly,2026-06-15
9,catboost_ranker,310,272,55,4.6282,7.491,4.6282,53.68,58.82,53.68,8.8308,23.6368,-35.3374,100.0,4.6282,22.8888,0.9576,0.3996,1.0,0.9818,0.5818,0.9758,1.0,1.0,blind_temporal,,
9,catboost_ranker,,272,55,4.6282,7.491,4.6282,53.68,58.82,53.68,8.8308,23.6368,-35.3374,100.0,4.6282,22.8888,0.9576,0.3996,1.0,0.9818,0.5818,0.9758,1.0,1.0,,monthly,2026-06
9,catboost_ranker,,35,7,7.79,11.6158,7.79,68.57,57.14,68.57,4.8681,15.784,-17.0784,100.0,7.79,38.9502,0.8707,0.3164,1.0,0.9286,0.5714,0.9524,1.0,1.0,,weekly,2026-06-11
9,catboost_ranker,,60,12,7.4236,12.126,7.4236,68.33,60.0,68.33,6.1017,36.1104,-9.9589,100.0,7.4236,37.1182,0.9904,0.3196,1.0,1.0,0.6,1.0,1.0,1.0,,weekly,2026-06-12
9,catboost_ranker,,57,12,2.7094,4.127,2.7094,38.6,57.89,38.6,3.4354,10.8331,-10.3206,100.0,2.7094,12.8697,0.9427,0.501,1.0,1.0,0.55,0.9444,1.0,1.0,,weekly,2026-06-13
9,catboost_ranker,,60,12,2.7371,4.7051,2.7371,50.0,58.33,50.0,2.9516,5.0643,-33.386,100.0,2.7371,13.6853,0.9784,0.4314,1.0,0.9583,0.5833,0.9722,1.0,1.0,,weekly,2026-06-14
9,catboost_ranker,,60,12,3.7025,6.5997,3.7025,48.33,60.0,48.33,3.0106,6.8005,-35.3374,100.0,3.7025,18.5127,0.9696,0.3947,1.0,1.0,0.6,1.0,1.0,1.0,,weekly,2026-06-15
9,lightgbm_ranker,310,272,55,4.2796,7.7637,4.2796,50.74,59.19,50.74,7.8395,18.9793,-36.7103,100.0,4.2796,21.1645,0.957,0.3996,1.0,0.9909,0.5855,0.9818,1.0,1.0,blind_temporal,,
9,lightgbm_ranker,,272,55,4.2796,7.7637,4.2796,50.74,59.19,50.74,7.8395,18.9793,-36.7103,100.0,4.2796,21.1645,0.957,0.3996,1.0,0.9909,0.5855,0.9818,1.0,1.0,,monthly,2026-06
9,lightgbm_ranker,,35,7,7.7534,11.6158,7.7534,68.57,57.14,68.57,4.8335,15.7097,-17.0784,100.0,7.7534,38.7668,0.8698,0.3164,1.0,0.9286,0.5714,0.9524,1.0,1.0,,weekly,2026-06-11
9,lightgbm_ranker,,60,12,7.374,12.126,7.374,66.67,60.0,66.67,6.0444,35.8691,-9.9589,100.0,7.374,36.8702,0.9919,0.3196,1.0,1.0,0.6,1.0,1.0,1.0,,weekly,2026-06-12
9,lightgbm_ranker,,57,12,2.4163,4.127,2.4163,40.35,59.65,40.35,2.9628,8.764,-10.3206,100.0,2.4163,11.4774,0.9421,0.501,1.0,1.0,0.5667,0.9722,1.0,1.0,,weekly,2026-06-13
9,lightgbm_ranker,,60,12,2.2214,5.9548,2.2214,48.33,58.33,48.33,2.1349,3.3155,-36.7103,100.0,2.2214,11.1069,0.9785,0.4314,1.0,1.0,0.5833,0.9722,1.0,1.0,,weekly,2026-06-14
9,lightgbm_ranker,,60,12,2.9871,6.5997,2.9871,36.67,60.0,36.67,2.3275,4.8945,-28.0307,100.0,2.9871,14.9357,0.9663,0.3947,1.0,1.0,0.6,1.0,1.0,1.0,,weekly,2026-06-15
9,xgboost_ranker,310,272,55,4.559,7.96,4.559,52.57,58.82,52.57,8.6719,23.5355,-35.7436,100.0,4.559,22.5466,0.9536,0.3996,1.0,0.9818,0.5818,0.9758,1.0,1.0,blind_temporal,,
9,xgboost_ranker,,272,55,4.559,7.96,4.559,52.57,58.82,52.57,8.6719,23.5355,-35.7436,100.0,4.559,22.5466,0.9536,0.3996,1.0,0.9818,0.5818,0.9758,1.0,1.0,,monthly,2026-06
9,xgboost_ranker,,35,7,7.8326,11.6158,7.8326,68.57,57.14,68.57,4.9133,15.8578,-17.0784,100.0,7.8326,39.1628,0.8578,0.3164,1.0,0.9286,0.5714,0.9524,1.0,1.0,,weekly,2026-06-11
9,xgboost_ranker,,60,12,7.3792,12.3703,7.3792,66.67,60.0,66.67,6.0483,35.8941,-9.9589,100.0,7.3792,36.8958,0.9851,0.3196,1.0,0.9583,0.6,1.0,1.0,1.0,,weekly,2026-06-12
9,xgboost_ranker,,57,12,2.9085,4.127,2.9085,43.86,59.65,43.86,3.7062,13.5165,-9.1438,100.0,2.9085,13.8154,0.9478,0.501,1.0,1.0,0.5667,0.9722,1.0,1.0,,weekly,2026-06-13
9,xgboost_ranker,,60,12,2.5024,6.1645,2.5024,48.33,56.67,48.33,2.6312,4.4979,-35.7436,100.0,2.5024,12.5119,0.9741,0.4314,1.0,1.0,0.5667,0.9444,1.0,1.0,,weekly,2026-06-14
9,xgboost_ranker,,60,12,3.4541,7.046,3.4541,41.67,60.0,41.67,2.8242,6.5977,-28.0307,100.0,3.4541,17.2704,0.9631,0.3947,1.0,1.0,0.6,1.0,1.0,1.0,,weekly,2026-06-15
12,catboost_ranker,310,272,55,4.6368,7.6991,4.6368,52.94,59.56,52.94,8.8539,23.9043,-31.8303,100.0,4.6368,22.9309,0.9595,0.3996,1.0,0.9909,0.5891,0.9879,1.0,1.0,blind_temporal,,
12,catboost_ranker,,272,55,4.6368,7.6991,4.6368,52.94,59.56,52.94,8.8539,23.9043,-31.8303,100.0,4.6368,22.9309,0.9595,0.3996,1.0,0.9909,0.5891,0.9879,1.0,1.0,,monthly,2026-06
12,catboost_ranker,,35,7,7.9454,12.1278,7.9454,71.43,57.14,71.43,5.0133,16.0862,-17.0784,100.0,7.9454,39.727,0.8733,0.3164,1.0,1.0,0.5714,0.9524,1.0,1.0,,weekly,2026-06-11
12,catboost_ranker,,60,12,7.4811,12.126,7.4811,70.0,60.0,70.0,6.1708,36.39,-9.9589,100.0,7.4811,37.4056,0.9869,0.3196,1.0,1.0,0.6,1.0,1.0,1.0,,weekly,2026-06-12
12,catboost_ranker,,57,12,2.6135,3.5323,2.6135,40.35,59.65,40.35,3.1949,9.4141,-11.6587,100.0,2.6135,12.4142,0.9496,0.501,1.0,0.9583,0.5667,0.9722,1.0,1.0,,weekly,2026-06-13
12,catboost_ranker,,60,12,2.8785,5.9548,2.8785,50.0,60.0,50.0,3.1206,5.3067,-31.8303,100.0,2.8785,14.3927,0.9814,0.4314,1.0,1.0,0.6,1.0,1.0,1.0,,weekly,2026-06-14
12,catboost_ranker,,60,12,3.5427,6.5997,3.5427,40.0,60.0,40.0,2.9126,6.8184,-28.9009,100.0,3.5427,17.7133,0.9702,0.3947,1.0,1.0,0.6,1.0,1.0,1.0,,weekly,2026-06-15
12,lightgbm_ranker,310,272,55,4.4212,7.7637,4.4212,51.47,58.82,51.47,8.2386,20.7542,-37.0473,100.0,4.4212,21.865,0.9572,0.3996,1.0,0.9909,0.5818,0.9758,1.0,1.0,blind_temporal,,
12,lightgbm_ranker,,272,55,4.4212,7.7637,4.4212,51.47,58.82,51.47,8.2386,20.7542,-37.0473,100.0,4.4212,21.865,0.9572,0.3996,1.0,0.9909,0.5818,0.9758,1.0,1.0,,monthly,2026-06
12,lightgbm_ranker,,35,7,7.7534,11.6158,7.7534,68.57,57.14,68.57,4.8335,15.7097,-17.0784,100.0,7.7534,38.7668,0.871,0.3164,1.0,0.9286,0.5714,0.9524,1.0,1.0,,weekly,2026-06-11
12,lightgbm_ranker,,60,12,7.3633,12.126,7.3633,65.0,60.0,65.0,6.0324,35.8171,-9.9589,100.0,7.3633,36.8167,0.9896,0.3196,1.0,1.0,0.6,1.0,1.0,1.0,,weekly,2026-06-12
12,lightgbm_ranker,,57,12,2.6015,4.127,2.6015,40.35,57.89,40.35,3.2682,10.3448,-10.3206,100.0,2.6015,12.3569,0.9407,0.501,1.0,1.0,0.55,0.9444,1.0,1.0,,weekly,2026-06-13
12,lightgbm_ranker,,60,12,2.1512,5.9548,2.1512,50.0,58.33,50.0,2.0519,3.1925,-37.0473,100.0,2.1512,10.7561,0.9801,0.4314,1.0,1.0,0.5833,0.9722,1.0,1.0,,weekly,2026-06-14
12,lightgbm_ranker,,60,12,3.5342,6.5997,3.5342,40.0,60.0,40.0,2.9066,6.7984,-28.0307,100.0,3.5342,17.6712,0.9689,0.3947,1.0,1.0,0.6,1.0,1.0,1.0,,weekly,2026-06-15
12,xgboost_ranker,310,272,55,4.29,7.8169,4.29,51.84,58.46,51.84,7.8585,19.5877,-40.5156,100.0,4.29,21.216,0.9521,0.3996,1.0,0.9818,0.5782,0.9697,1.0,1.0,blind_temporal,,
12,xgboost_ranker,,272,55,4.29,7.8169,4.29,51.84,58.46,51.84,7.8585,19.5877,-40.5156,100.0,4.29,21.216,0.9521,0.3996,1.0,0.9818,0.5782,0.9697,1.0,1.0,,monthly,2026-06
12,xgboost_ranker,,35,7,7.9738,11.6158,7.9738,68.57,57.14,68.57,5.0005,16.1436,-17.0784,100.0,7.9738,39.8688,0.8627,0.3164,1.0,0.9286,0.5714,0.9524,1.0,1.0,,weekly,2026-06-11
12,xgboost_ranker,,60,12,7.3025,12.3703,7.3025,66.67,60.0,66.67,5.9382,33.9197,-9.9589,100.0,7.3025,36.5124,0.9851,0.3196,1.0,0.9583,0.6,1.0,1.0,1.0,,weekly,2026-06-12
12,xgboost_ranker,,57,12,2.1412,4.127,2.1412,40.35,57.89,40.35,2.4501,5.7486,-19.7696,100.0,2.1412,10.1709,0.936,0.501,1.0,1.0,0.55,0.9444,1.0,1.0,,weekly,2026-06-13
12,xgboost_ranker,,60,12,2.6976,5.9548,2.6976,51.67,56.67,51.67,2.8386,4.8842,-40.5156,100.0,2.6976,13.4878,0.9752,0.4314,1.0,1.0,0.5667,0.9444,1.0,1.0,,weekly,2026-06-14
12,xgboost_ranker,,60,12,2.7624,6.5997,2.7624,38.33,60.0,38.33,2.1081,4.3823,-35.3374,100.0,2.7624,13.8122,0.9641,0.3947,1.0,1.0,0.6,1.0,1.0,1.0,,weekly,2026-06-15
24,catboost_ranker,310,272,55,4.5513,7.4973,4.5513,52.21,59.56,52.21,8.5566,21.7413,-36.1746,100.0,4.5513,22.5084,0.9606,0.3996,1.0,0.9909,0.5891,0.9879,1.0,1.0,blind_temporal,,
24,catboost_ranker,,272,55,4.5513,7.4973,4.5513,52.21,59.56,52.21,8.5566,21.7413,-36.1746,100.0,4.5513,22.5084,0.9606,0.3996,1.0,0.9909,0.5891,0.9879,1.0,1.0,,monthly,2026-06
24,catboost_ranker,,35,7,7.7772,12.1278,7.7772,68.57,57.14,68.57,4.8561,15.7579,-17.0784,100.0,7.7772,38.8858,0.8775,0.3164,1.0,1.0,0.5714,0.9524,1.0,1.0,,weekly,2026-06-11
24,catboost_ranker,,60,12,7.3639,12.126,7.3639,66.67,60.0,66.67,6.0352,35.8196,-9.9589,100.0,7.3639,36.8193,0.9909,0.3196,1.0,1.0,0.6,1.0,1.0,1.0,,weekly,2026-06-12
24,catboost_ranker,,57,12,2.9163,4.2012,2.9163,40.35,59.65,40.35,3.7921,15.6644,-7.6208,100.0,2.9163,13.8522,0.9524,0.501,1.0,1.0,0.5667,0.9722,1.0,1.0,,weekly,2026-06-13
24,catboost_ranker,,60,12,2.3274,4.3611,2.3274,50.0,60.0,50.0,2.2454,3.4757,-36.1746,100.0,2.3274,11.6369,0.9773,0.4314,1.0,0.9583,0.6,1.0,1.0,1.0,,weekly,2026-06-14
24,catboost_ranker,,60,12,3.6344,6.5997,3.6344,41.67,60.0,41.67,2.9945,6.9874,-28.9009,100.0,3.6344,18.1718,0.9702,0.3947,1.0,1.0,0.6,1.0,1.0,1.0,,weekly,2026-06-15
24,lightgbm_ranker,310,272,55,4.337,7.7637,4.337,51.1,59.19,51.1,7.9593,19.2164,-37.0473,100.0,4.337,21.4487,0.9571,0.3996,1.0,0.9909,0.5855,0.9818,1.0,1.0,blind_temporal,,
24,lightgbm_ranker,,272,55,4.337,7.7637,4.337,51.1,59.19,51.1,7.9593,19.2164,-37.0473,100.0,4.337,21.4487,0.9571,0.3996,1.0,0.9909,0.5855,0.9818,1.0,1.0,,monthly,2026-06
24,lightgbm_ranker,,35,7,7.7534,11.6158,7.7534,68.57,57.14,68.57,4.8335,15.7097,-17.0784,100.0,7.7534,38.7668,0.8704,0.3164,1.0,0.9286,0.5714,0.9524,1.0,1.0,,weekly,2026-06-11
24,lightgbm_ranker,,60,12,7.3633,12.126,7.3633,65.0,60.0,65.0,6.0324,35.8171,-9.9589,100.0,7.3633,36.8167,0.9909,0.3196,1.0,1.0,0.6,1.0,1.0,1.0,,weekly,2026-06-12
24,lightgbm_ranker,,57,12,2.5474,4.127,2.5474,36.84,59.65,36.84,3.186,9.8199,-10.3206,100.0,2.5474,12.0999,0.9439,0.501,1.0,1.0,0.5667,0.9722,1.0,1.0,,weekly,2026-06-13
24,lightgbm_ranker,,60,12,2.2066,5.9548,2.2066,50.0,58.33,50.0,2.1065,3.2699,-37.0473,100.0,2.2066,11.0332,0.9785,0.4314,1.0,1.0,0.5833,0.9722,1.0,1.0,,weekly,2026-06-14
24,lightgbm_ranker,,60,12,3.1485,6.5997,3.1485,41.67,60.0,41.67,2.454,5.1564,-29.9079,100.0,3.1485,15.7426,0.9657,0.3947,1.0,1.0,0.6,1.0,1.0,1.0,,weekly,2026-06-15
24,xgboost_ranker,310,272,55,4.4679,7.8126,4.4679,53.31,59.19,53.31,8.2802,21.2532,-40.5156,100.0,4.4679,22.0956,0.9556,0.3996,1.0,0.9727,0.5855,0.9818,1.0,1.0,blind_temporal,,
24,xgboost_ranker,,272,55,4.4679,7.8126,4.4679,53.31,59.19,53.31,8.2802,21.2532,-40.5156,100.0,4.4679,22.0956,0.9556,0.3996,1.0,0.9727,0.5855,0.9818,1.0,1.0,,monthly,2026-06
24,xgboost_ranker,,35,7,8.2787,11.6158,8.2787,71.43,60.0,71.43,5.144,16.7611,-17.0784,100.0,8.2787,41.3936,0.8975,0.3164,1.0,0.9286,0.6,1.0,1.0,1.0,,weekly,2026-06-11
24,xgboost_ranker,,60,12,7.4877,12.3703,7.4877,70.0,60.0,70.0,6.1769,36.4222,-9.9589,100.0,7.4877,37.4387,0.9836,0.3196,1.0,0.9583,0.6,1.0,1.0,1.0,,weekly,2026-06-12
24,xgboost_ranker,,57,12,2.5167,4.1071,2.5167,40.35,57.89,40.35,3.1477,10.3959,-9.2046,100.0,2.5167,11.9544,0.9292,0.501,1.0,0.9583,0.55,0.9444,1.0,1.0,,weekly,2026-06-13
24,xgboost_ranker,,60,12,2.6701,5.9548,2.6701,51.67,58.33,51.67,2.8069,4.8349,-40.5156,100.0,2.6701,13.3504,0.9803,0.4314,1.0,1.0,0.5833,0.9722,1.0,1.0,,weekly,2026-06-14
24,xgboost_ranker,,60,12,2.8763,6.5997,2.8763,40.0,60.0,40.0,2.2052,4.5807,-35.3374,100.0,2.8763,14.3816,0.963,0.3947,1.0,1.0,0.6,1.0,1.0,1.0,,weekly,2026-06-15
